姓名,年龄,出生年月,求职意向,电话,邮箱,教育经历,最高学位,工作经历,能力证书和技能等级认证,政治面貌,个人技能,荣誉奖励,身高,体重,籍贯,所在地,工作年限
张吉惟,26,1998.11,行政管理类,13899999999,zhangjiwei@163.com,"[{'学习时间': '2015-2019', '院校名称': '北京师范大学', '学位': '本科', '专业': '国际经济与贸易'}]","{'学位': '本科', '授予院校': '北京师范大学'}","[{'公司名称': '北京猫眼机械有限公司', '职位': '部长助理', '工作时间': '2022.3-2023.4', '是否为实习经历': False}, {'公司名称': '北京猫眼国际货运代理有限公司', '职位': '总经理助理', '工作时间': '2021.2-2022.3', '是否为实习经历': False}, {'公司名称': '北京猫眼文化传媒有限公司', '职位': '运营助理', '工作时间': '2020.2-2021.2', '是否为实习经历': False}]","[{'名称': '大学英语6级证书（CET-6）', '获得时间': '2018'}]",党员,"['EXCEL', 'PPT', 'WORD', 'AI']","[{'名称': '全国大学生英语竞赛一等奖', '获得时间': '2016'}, {'名称': '国家级一等奖学金', '获得时间': '2017'}]",178cm,50kg,北京海淀区,,4
林国瑞,34,1990.2.8,市场专员,13831088888,linguorui@qq.com,"[{'学习时间': '2008.9-2012.6', '院校名称': '中国传媒大学', '学位': '本科', '专业': '艺术设计'}]","{'学位': '本科', '授予院校': '中国传媒大学'}","[{'公司名称': '阿里巴巴公司', '职位': '个人资料市场经理助理', '工作时间': '2018.5--2023.4', '是否为实习经历': False}, {'公司名称': '腾讯公司', '职位': '市场经理', '工作时间': '2013.1-2018.5', '是否为实习经历': False}]","[{'名称': '英语四六级', '获得时间': None}]",,"['平面设计', '办公软件', 'CSS']","[{'名称': '优秀班干', '获得时间': None}, {'名称': '第四届全国大学生广告艺术设计大赛平面作品类三等奖', '获得时间': '2011'}]",,,北京,,11
林玟书,28,1996.05,市场运营专员,13801138023,linwenshu@qq.com,"[{'学习时间': '2014.07-2018.06', '院校名称': '南方科技大学', '学位': '本科', '专业': '市场营销'}]","{'学位': '本科', '授予院校': '南方科技大学'}","[{'公司名称': '原淼科技信息有限公司', '职位': '市场营销（实习生）', '工作时间': '2017.04-2019.04', '是否为实习经历': True}, {'公司名称': '彩讯科技有限公司', '职位': '软件工程师', '工作时间': '2019.04-2023.03', '是否为实习经历': False}]","[{'名称': '普通话一级甲等', '获得时间': None}, {'名称': '大学英语四/六级（CET-4/6）', '获得时间': None}, {'名称': '全国计算机二级', '获得时间': None}]",,"['处理客户投诉能力', '销售技巧', '团队合作精神', '数据分析能力', '客户需求分析', '电商客服', '业务流程优化', '办公软件熟练']","[{'名称': '优秀团员', '获得时间': '2014-2015学年'}, {'名称': '艺术活动优秀奖', '获得时间': '2014-2015学年'}, {'名称': '优秀学生干部', '获得时间': '2015-2016学年'}, {'名称': '学生会优秀干部称号', '获得时间': '2015-2016学年'}, {'名称': '社会工作先进个人', '获得时间': '2017-2018学年'}, {'名称': '优秀学生干部称号', '获得时间': '2017-2018学年'}]",,,,广东省广州市,4
林雅南,28,1996.05,市场总监-专注品牌方向,13801138823,linyanan@qq.com,"[{'学习时间': '2014.09-2018.06', '院校名称': '华南师范大学', '学位': '本科', '专业': '市场营销'}]","{'学位': '本科', '授予院校': '华南师范大学'}","[{'公司名称': '金恪投资控股集团', '职位': '副总监', '工作时间': '2021.09--2023.4', '是否为实习经历': False}, {'公司名称': '华泛科技有限公司', '职位': '市场及运营总监', '工作时间': '2020.08-2021.09', '是否为实习经历': False}, {'公司名称': '优酷俱乐部', '职位': '市场副总监', '工作时间': '2019.12-2020.08', '是否为实习经历': False}, {'公司名称': '伊淼集团', '职位': '市场部-市场经理', '工作时间': '2018.08-2019.12', '是否为实习经历': False}]","[{'名称': '大学英语四级', '获得时间': None}, {'名称': '大学英语六级', '获得时间': None}]",中共党员,"['团队管理和领导能力', '组织策划能力', '客户资源和渠道拓展与管理经验', '市场营销策划和领导经验', '媒体资源和品牌圈层关系网络', '推广媒体和渠道的熟练使用', '活动营销、PR营销、BD操作经验']","[{'名称': '新长城华南师范大学自强社“优秀社员”', '获得时间': '2016年'}, {'名称': '三下乡”社会实践活动“优秀学生”', '获得时间': '2015年'}, {'名称': '华南师范大学学生田径运动会10人立定跳远团体赛第三名', '获得时间': '2015年'}, {'名称': '学生军事技能训练“优秀学员”', '获得时间': '2015年'}, {'名称': '华南师范大学盼盼杯烘焙食品创意大赛优秀奖', '获得时间': '2015年'}, {'名称': '华南高校大学生主题征文一等奖', '获得时间': '2014年'}, {'名称': '华南师范大学“点燃中国梦 畅享我青春”微博文征集大赛二等奖', '获得时间': '2014年'}]",,,,广东省广州市海珠区,5
江奕云,28,1996.05,市场总监-专注品牌方向,13812138123,nesson@91muban.cn,"[{'学习时间': '2014.09-2018.06', '院校名称': '华南理工大学', '学位': '本科', '专业': '市场营销'}]","{'学位': '本科', '授予院校': '华南理工大学'}","[{'公司名称': '清河投资控股集团', '职位': '副总监', '工作时间': '2020.10--2023.4', '是否为实习经历': False}, {'公司名称': '华拓科技有限公司', '职位': '市场及运营总监', '工作时间': '2018.10-2020.10', '是否为实习经历': False}]","[{'名称': '计算机四级证书', '获得时间': None}, {'名称': '大学英语四、六级证书', '获得时间': None}]",,,"[{'名称': '华南理工大学自强社“优秀社员”', '获得时间': '2017年'}, {'名称': '三下乡”社会实践活动“优秀学生”', '获得时间': '2017年'}, {'名称': '华南理工大学学生田径运动会10人立定跳远团体赛第三名', '获得时间': '2016年'}, {'名称': '华南理工大学盼盼杯烘焙食品创意大赛优秀奖', '获得时间': '2015年'}, {'名称': '华南理工大学“点燃中国梦 畅享我青春”微博文征集大赛二等奖', '获得时间': '2015年'}]",,,,广东省广州市海珠区,5
刘柏宏,31,1993.05,,13889138123,liubohong@qq.com,"[{'学习时间': '2011.09-2014.06', '院校名称': '广东师范专科学院', '学位': '大专', '专业': '市场营销'}]","{'学位': '大专', '授予院校': '广东师范专科学院'}","[{'公司名称': '漫圈投资控股集团', '职位': '副总监', '工作时间': '2019.10--2023.4', '是否为实习经历': False}, {'公司名称': '中南科技有限公司', '职位': '市场及运营总监', '工作时间': '2014.10-2019.10', '是否为实习经历': False}]","[{'名称': '计算机四级证书', '获得时间': None}, {'名称': '大学英语四、六级证书', '获得时间': None}]",中共党员,[],"[{'名称': '广东师范专科学院自强社“优秀社员”', '获得时间': '2014年'}, {'名称': '“三下乡”社会实践活动“优秀学生”', '获得时间': '2013年'}, {'名称': '广东师范专科学院学生田径运动会10人立定跳远团体赛第三名', '获得时间': '2013年'}, {'名称': '广东师范专科学院盼盼杯烘焙食品创意大赛优秀奖', '获得时间': '2012年'}, {'名称': '广东师范专科学院“畅享青春”微博文征集大赛二等奖', '获得时间': '2011年'}]",177,,,广东省广州市海珠区,9
阮建安,29,1995.05,市场营销总监,13818138525,ruanjianna@qq.com,"[{'学习时间': '2013.09-2016.06', '院校名称': '广州新安职业技术学院', '学位': '大专', '专业': '市场营销'}]","{'学位': '大专', '授予院校': '广州新安职业技术学院'}","[{'公司名称': '微安控股集团', '职位': '副总监', '工作时间': '2019.10--2023.4', '是否为实习经历': False}, {'公司名称': '利群有限公司', '职位': '市场及运营总监', '工作时间': '2016.10-2019.10', '是否为实习经历': False}]","[{'名称': '计算机四级证书', '获得时间': None}, {'名称': '大学英语四六级证书', '获得时间': None}]",中共党员,[],"[{'名称': '新安职业技术学院自强社“优秀社员”', '获得时间': '2016年'}, {'名称': '“三下乡”社会实践活动“优秀学生”', '获得时间': '2015年'}, {'名称': '新安职业技术学院学生田径运动会10人立定跳远团体赛第三名', '获得时间': '2015年'}, {'名称': '新安职业技术学院盼盼杯烘焙食品创意大赛优秀奖', '获得时间': '2015年'}, {'名称': '新安职业技术学院“点燃中华梦 畅享我青春”微博文征集大赛二等奖', '获得时间': '2014年'}]",177,,,广东省广州市海珠区,7
林子帆,28,1996.05,市场营销总监,13808138036,linzifan@qq.com,"[{'学习时间': '2014.09-2017.06', '院校名称': '阳江职业学院', '学位': '大专', '专业': '市场营销'}]","{'学位': '大专', '授予院校': '阳江职业学院'}","[{'公司名称': '奈森投资控股集团', '职位': '副总监', '工作时间': '2017.01--2023.4', '是否为实习经历': False}, {'公司名称': '杰森科技有限公司', '职位': '市场及运营总监', '工作时间': '2020.01-2021.01', '是否为实习经历': False}, {'公司名称': '乐透俱乐部', '职位': '市场副总监', '工作时间': '2018.01-2019.01', '是否为实习经历': False}]","[{'名称': '大学英语四/六级（CET-4/6）', '获得时间': None}]",中共党员,"['普通话一级甲等', '英语', '汉语', '粤语']","[{'名称': '自强社“优秀社员”', '获得时间': '2016年'}, {'名称': '三下乡”社会实践活动“优秀学生”', '获得时间': '2016年'}, {'名称': '盼盼杯烘焙食品创意大赛优秀奖', '获得时间': '2015年'}, {'名称': '高校学生主题征文一等奖', '获得时间': '2014年'}]",177cm,142kg,湖南,广东省广州市海珠区,9
夏志豪,28,1996.05,市场总监-专注品牌方向,13822138221,xiazhihao@qq.com,"[{'学习时间': '2014.07-2017.06', '院校名称': '广州文艺职业技术学院', '学位': '大专', '专业': '市场营销'}, {'学习时间': '2011.07-2014.06', '院校名称': '广州第十八中学', '学位': '高中', '专业': '文科'}]","{'学位': '大专', '授予院校': '广州文艺职业技术学院'}","[{'公司名称': '金地投资控股集团', '职位': '副总监', '工作时间': '2021.09--2023.4', '是否为实习经历': False}, {'公司名称': '漫才股份有限公司', '职位': '市场及运营总监', '工作时间': '2019.09-2020.09', '是否为实习经历': False}, {'公司名称': '逍遥游俱乐部', '职位': '市场副总监', '工作时间': '2018.09-2019.09', '是否为实习经历': False}, {'公司名称': '强盛集团', '职位': '市场部-市场经理', '工作时间': '2017.09-2018.09', '是否为实习经历': False}]","[{'名称': '普通话一级甲等', '获得时间': None}, {'名称': '全国计算机二级', '获得时间': None}, {'名称': '大学英语四级', '获得时间': None}, {'名称': '大学英语六级', '获得时间': None}]",,"['团队管理', '领导能力', '组织策划', '客户资源管理', '渠道拓展与管理', '市场营销策划', '人才发掘和培养', '媒体资源管理', '品牌圈层关系网络', '营销策略制定', '广告策略制定', '公关策略制定', '媒体投放计划制定', '数据分析与报告撰写', '行业发展动态研究', '市场调查', '活动营销', 'PR营销', 'BD', '微信企业号功能与架构', '绘声绘色软件使用', '剪辑', '英语听说读写能力', '阅读', '旅行', '骑行', '音乐', '爬山']","[{'名称': '新长城自强社“优秀社员”', '获得时间': '2016年'}, {'名称': '三下乡”社会实践活动“优秀学生”', '获得时间': '2015年'}, {'名称': '学生田径运动会10人立定跳远团体赛第三名', '获得时间': '2015年'}, {'名称': '学生军事技能训练“优秀学员”', '获得时间': '2015年'}, {'名称': '盼盼杯烘焙食品创意大赛优秀奖', '获得时间': '2015年'}, {'名称': '大学生主题征文一等奖', '获得时间': '2014年'}, {'名称': '燃梦，畅享青春”微博文征集大赛二等奖', '获得时间': '2014年'}]",,,,广东省广州市海珠区,5
吉茹定,30,1994.05.04,市场总监-专注品牌方向,13823138023,nesson@91muban.cn,"[{'学习时间': '2012.09-2015.06', '院校名称': '广州科学技术职业学院', '学位': '大专', '专业': '市场营销'}]","{'学位': '大专', '授予院校': '广州科学技术职业学院'}","[{'公司名称': '驰诚控股集团', '职位': '副总监', '工作时间': '2017.08--2023.4', '是否为实习经历': False}, {'公司名称': '君豪有限公司', '职位': '市场及运营总监', '工作时间': '2016.08-2017.08', '是否为实习经历': False}, {'公司名称': '卓宁俱乐部', '职位': '市场副总监', '工作时间': '2015.08-2016.08', '是否为实习经历': False}]","[{'名称': '普通话一级甲等', '获得时间': None}, {'名称': '全国计算机二级', '获得时间': None}, {'名称': '大学英语四级', '获得时间': None}, {'名称': '大学英语六级', '获得时间': None}]",,,"[{'名称': '广州科学技术职业学院自强社“优秀社员”', '获得时间': '2015年'}, {'名称': '三下乡”社会实践活动“优秀学生”', '获得时间': '2014年'}, {'名称': '广州科学技术职业学院学生田径运动会10人立定跳远团体赛第三名', '获得时间': '2014年'}, {'名称': '学生军事技能训练“优秀学员”', '获得时间': '2014年'}, {'名称': '广州科学技术职业学院盼盼杯烘焙食品创意大赛优秀奖', '获得时间': '2013年'}, {'名称': '广州科学技术职业学院大学生主题征文一等奖', '获得时间': '2013年'}, {'名称': '广州科学技术职业学院微博文征集大赛二等奖', '获得时间': '2013年'}]",,,,,8
李中冰,24,2000.05,市场总监-专注品牌方向,13802131218,lizhongbing@qq.com,"[{'学习时间': '2015-2018', '院校名称': '顺德中专学校', '学位': '中专', '专业': '市场营销'}]","{'学位': '中专', '授予院校': '顺德中专学校'}","[{'公司名称': '楠恒投资控股集团', '职位': '副总监', '工作时间': '2021.01--2023.4', '是否为实习经历': False}, {'公司名称': '宸楠有限公司', '职位': '市场及运营总监', '工作时间': '2020.01-2021.01', '是否为实习经历': False}, {'公司名称': '楚友俱乐部', '职位': '市场副总监', '工作时间': '2019.01-2020.01', '是否为实习经历': False}]","[{'名称': '普通话一级甲等', '获得时间': None}, {'名称': '全国计算机二级', '获得时间': None}, {'名称': '大学英语四级', '获得时间': None}, {'名称': '大学英语六级', '获得时间': None}]",中共党员,[],"[{'名称': '社团-自强社“优秀社员”', '获得时间': '2016年'}, {'名称': '三下乡”社会实践活动“优秀学生”', '获得时间': '2015年'}, {'名称': '田径运动会10人立定跳远团体赛第三名', '获得时间': '2015年'}, {'名称': '学生军事技能训练“优秀学员”', '获得时间': '2015年'}, {'名称': '盼盼杯烘焙食品创意大赛优秀奖', '获得时间': '2015年'}, {'名称': '校内论坛主题征文一等奖', '获得时间': '2015年'}]",,,,广东省广州市海珠区,5
黄文隆,23,2001.05,市场总监-专注品牌方向,13800138000,nesson@91muban.cn,"[{'学习时间': '2016.09-2019.06', '院校名称': '广东广播电视中等专业学校', '学位': '中专', '专业': '市场营销'}]","{'学位': '中专', '授予院校': '广东广播电视中等专业学校'}","[{'公司名称': '龙元控股集团', '职位': '副总监', '工作时间': '2022.09--2023.4', '是否为实习经历': False}, {'公司名称': '荣浚有限公司', '职位': '市场及运营总监', '工作时间': '2021.09-2022.09', '是否为实习经历': False}, {'公司名称': '祥麟俱乐部', '职位': '市场副总监', '工作时间': '2020.09-2021.09', '是否为实习经历': False}, {'公司名称': '铭风集团', '职位': '市场部-市场经理', '工作时间': '2019.09-2020.09', '是否为实习经历': False}]","[{'名称': 'C1驾驶证', '获得时间': None}, {'名称': '计算机二级证书', '获得时间': None}, {'名称': '高级营销证书', '获得时间': None}, {'名称': '职业资格证证书', '获得时间': None}, {'名称': '大学英语6级', '获得时间': None}]",中共党员,"['管理能力', '沟通能力', '策划能力', '执行能力']","[{'名称': '自强社“优秀社员”', '获得时间': '2019年'}, {'名称': '三下乡”社会实践活动“优秀学生', '获得时间': '2018年'}, {'名称': '学生田径运动会10人立定跳远团体赛第三名', '获得时间': '2018年'}, {'名称': '学生军事技能训练“优秀学员', '获得时间': '2017年'}, {'名称': '盼盼杯烘焙食品创意大赛优秀奖', '获得时间': '2017年'}, {'名称': '大学生主题征文一等奖', '获得时间': '2016年'}]",,,,广东省广州市海珠区,4
谢彦文,22,2002.10.3,市场总监-专注品牌,13800138000,,"[{'学习时间': '2017.09-2020.06', '院校名称': '广州市财经职业学校', '学位': '中专', '专业': '市场营销'}]","{'学位': '中专', '授予院校': '广州市财经职业学校'}","[{'公司名称': '辰鼎控股集团', '职位': '副总监', '工作时间': '2022.10--2023.4', '是否为实习经历': False}, {'公司名称': '雅建有限公司', '职位': '市场及运营总监', '工作时间': '2021.10-2022.10', '是否为实习经历': False}, {'公司名称': '雄立俱乐部', '职位': '市场副总监', '工作时间': '2020.10-2021.10', '是否为实习经历': False}]","[{'名称': '普通话一级甲等', '获得时间': None}, {'名称': '全国计算机二级', '获得时间': None}, {'名称': '大学英语四级', '获得时间': None}, {'名称': '大学英语六级', '获得时间': None}]",,,"[{'名称': '自强社“优秀社员”', '获得时间': '2020年'}, {'名称': '三下乡”社会实践活动“优秀学生”', '获得时间': '2019年'}, {'名称': '学生田径运动会10人立定跳远团体赛第三名', '获得时间': '2019年'}, {'名称': '学生军事技能训练“优秀学员”', '获得时间': '2019年'}, {'名称': '盼盼杯烘焙食品创意大赛优秀奖', '获得时间': '2018年'}, {'名称': '财经职业学校学生主题征文一等奖', '获得时间': '2018年'}, {'名称': '微博文征集大赛二等奖', '获得时间': '2017年'}]",,,广东省广州市,,3
傅智翔,24,2000年,市场总监-专注品牌,13800138000,,"[{'学习时间': '2015.09-2018.06', '院校名称': '广东第二商业中等专业学校', '学位': '中专', '专业': '市场营销'}]","{'学位': '中专', '授予院校': '广东第二商业中等专业学校'}","[{'公司名称': '顺仟控股集团', '职位': '副总监', '工作时间': '2021.12--2023.4', '是否为实习经历': False}, {'公司名称': '唐森有限公司', '职位': '市场及运营总监', '工作时间': '2019.12-2021.12', '是否为实习经历': False}, {'公司名称': '基航俱乐部', '职位': '市场副总监', '工作时间': '2018.12-2019.12', '是否为实习经历': False}]","[{'名称': '普通话一级甲等', '获得时间': None}, {'名称': '全国计算机二级', '获得时间': None}, {'名称': '大学英语四级', '获得时间': None}, {'名称': '大学英语六级', '获得时间': None}]",,"['团队管理', '领导能力', '组织策划', '客户资源管理', '渠道拓展', '市场营销策划', '人才发掘和培养', '沟通能力', '商务谈判', '资源整合', '业务推进']","[{'名称': '商业中等专业学校自强社“优秀社员”', '获得时间': '2018年'}, {'名称': '三下乡”社会实践活动“优秀学生”', '获得时间': '2017年'}, {'名称': '商业中等专业学校学生田径运动会10人立定跳远团体赛第三名', '获得时间': '2017年'}, {'名称': '学生军事技能训练“优秀学员”', '获得时间': '2016年'}, {'名称': '商业中等专业学校盼盼杯烘焙食品创意大赛优秀奖', '获得时间': '2016年'}, {'名称': '商业中等专业学校学生主题征文一等奖', '获得时间': '2015年'}, {'名称': '商业中等专业学校“点燃中华梦 畅享我青春”微博文征集大赛二等奖', '获得时间': '2015年'}]",,,广东省广州市,,5
洪振霞,23,2001.05,市场总监-专注品牌方向,13800138000,nesson@91muban.cn,"[{'学习时间': '2016.07-2019.06', '院校名称': '深圳中专学校', '学位': '中专', '专业': '市场营销'}]","{'学位': '中专', '授予院校': '深圳中专学校'}","[{'公司名称': '翰煜控股集团', '职位': '副总监', '工作时间': '2021.12--2023.4', '是否为实习经历': False}, {'公司名称': '荣旭有限公司', '职位': '市场及运营总监', '工作时间': '2020.12-2021.12', '是否为实习经历': False}, {'公司名称': '柏枫俱乐部', '职位': '市场副总监', '工作时间': '2019.12-2020.12', '是否为实习经历': False}]","[{'名称': '全国计算机二级', '获得时间': None}, {'名称': '大学英语四级', '获得时间': None}, {'名称': '大学英语六级', '获得时间': None}]",中共党员,"['规划', '组织', '策划', '方案执行', '团队领导能力', '人际关系处理能力', '商务谈判技巧', '沟通能力', '合作关系掌控能力', '市场开拓能力', '资源整合能力', '业务推进能力', '思维敏捷', '培训演讲能力', '激励艺术', '团队协调能力', '团队凝聚力']","[{'名称': '深圳中专学校自强社“优秀社员”', '获得时间': '2019年'}, {'名称': '三下乡”社会实践活动“优秀学生”', '获得时间': '2018年'}, {'名称': '深圳中专学校田径运动会10人立定跳远团体赛第三名', '获得时间': '2018年'}, {'名称': '学生军事技能训练“优秀学员”', '获得时间': '2017年'}, {'名称': '深圳中专学校盼盼杯烘焙食品创意大赛优秀奖', '获得时间': '2017年'}, {'名称': '深圳中专学校学生主题征文一等奖', '获得时间': '2016年'}, {'名称': '深圳中专学校微博文征集大赛二等奖', '获得时间': '2016年'}]",,,,广东省广州市海珠区,4
刘姿婷,36,1988.05,,13800138000,liuziting@qq.com,"[{'学习时间': '2010.07-2013.06', '院校名称': '武汉大学', '学位': '硕士', '专业': '市场营销'}, {'学习时间': '2006.07-2010.06', '院校名称': '武汉大学', '学位': '本科', '专业': '市场营销'}]","{'学位': '硕士', '授予院校': '武汉大学'}","[{'公司名称': '皓铭控股集团', '职位': '副总监', '工作时间': '2018.08--2023.4', '是否为实习经历': False}, {'公司名称': '诺晨有限公司', '职位': '市场及运营总监', '工作时间': '2015.08-2018.08', '是否为实习经历': False}, {'公司名称': '恒仟俱乐部', '职位': '市场副总监', '工作时间': '2013.08-2015.08', '是否为实习经历': False}]","[{'名称': '普通话一级甲等', '获得时间': None}, {'名称': '全国计算机二级', '获得时间': None}, {'名称': '大学英语四级', '获得时间': None}, {'名称': '大学英语六级', '获得时间': None}]",中共党员,"['规划', '组织', '策划', '方案执行', '团队领导', '人际关系处理', '商务谈判', '沟通', '合作关系掌控', '市场开拓', '资源整合', '业务推进', '思维敏捷', '培训演讲', '激励艺术', '团队协调', '团队综合能力', '凝聚力']","[{'名称': '新长城武汉大学自强社“优秀社员”', '获得时间': '2013年'}, {'名称': '三下乡”社会实践活动“优秀学生”', '获得时间': '2012年'}, {'名称': '武汉大学学生田径运动会10人立定跳远团体赛第三名', '获得时间': '2011年'}, {'名称': '学生军事技能训练“优秀学员”', '获得时间': '2010年'}, {'名称': '武汉大学盼盼杯烘焙食品创意大赛优秀奖', '获得时间': '2009年'}, {'名称': '西部高校大学生主题征文一等奖', '获得时间': '2008年'}, {'名称': '武汉大学“点燃川大梦 畅享我青春”微博文征集大赛二等奖', '获得时间': '2007年'}]",,,,湖北省武汉市,10
荣姿康,37,,市场总监-专注品牌,13800138000,rongzikang@qq.com,"[{'学习时间': '2009.09-2012.06', '院校名称': '华中科技大学', '学位': '硕士', '专业': '市场营销'}]","{'学位': '硕士', '授予院校': '华中科技大学'}","[{'公司名称': '浩海控股集团', '职位': '副总监', '工作时间': '2015.10--2023.4', '是否为实习经历': False}, {'公司名称': '柏斌有限公司', '职位': '市场及运营总监', '工作时间': '2012.10-2015.10', '是否为实习经历': False}]","[{'名称': '普通话一级甲等', '获得时间': None}, {'名称': '全国计算机二级', '获得时间': None}, {'名称': '大学英语四级', '获得时间': None}, {'名称': '大学英语六级', '获得时间': None}]",,,"[{'名称': '新长城华中科技大学自强社“优秀社员”', '获得时间': '2012年'}, {'名称': '三下乡”社会实践活动“优秀学生”', '获得时间': '2011年'}, {'名称': '华中科技大学学生田径运动会10人立定跳远团体赛第三名', '获得时间': '2011年'}, {'名称': '学生军事技能训练“优秀学员”', '获得时间': '2010年'}, {'名称': '华中科技大学盼盼杯烘焙食品创意大赛优秀奖', '获得时间': '2010年'}, {'名称': '西部高校大学生主题征文一等奖', '获得时间': '2009年'}, {'名称': '华中科技大学“点燃川大梦 畅享我青春”微博文征集大赛二等奖', '获得时间': '2009年'}]",,,,,11
吕致盈,38,1986.04.04,市场总监-专注品牌,+86 13800138000,nesson@91muban.cn,"[{'学习时间': '2008.07-2011.06', '院校名称': '武汉理工大学', '学位': '硕士', '专业': '市场营销'}, {'学习时间': '2004.07-2008.06', '院校名称': '武汉理工大学', '学位': '本科', '专业': '市场营销'}]","{'学位': '硕士', '授予院校': '武汉理工大学'}","[{'公司名称': '迅维控股集团', '职位': '副总监', '工作时间': '2015.12--2023.4', '是否为实习经历': False}, {'公司名称': '立翔有限公司', '职位': '市场及运营总监', '工作时间': '2013.12-2015.12', '是否为实习经历': False}, {'公司名称': '杉永俱乐部', '职位': '市场副总监', '工作时间': '2011.12-2013.12', '是否为实习经历': False}]","[{'名称': '普通话一级甲等', '获得时间': None}, {'名称': '全国计算机二级', '获得时间': None}, {'名称': '大学英语四级', '获得时间': None}, {'名称': '大学英语六级', '获得时间': None}]",,"['阅读', '旅行', '跑步', '羽毛球', '爬山', '烹饪']","[{'名称': '新长城武汉理工大学自强社“优秀社员”', '获得时间': '2011年'}, {'名称': '三下乡”社会实践活动“优秀学生”', '获得时间': '2010年'}, {'名称': '武汉理工大学学生田径运动会10人立定跳远团体赛第三名', '获得时间': '2009年'}, {'名称': '学生军事技能训练“优秀学员”', '获得时间': '2008年'}, {'名称': '武汉理工大学盼盼杯烘焙食品创意大赛优秀奖', '获得时间': '2007年'}, {'名称': '西部高校大学生主题征文一等奖', '获得时间': '2006年'}, {'名称': '武汉理工大学“点燃川大梦 畅享我青春”微博文征集大赛二等奖', '获得时间': '2005年'}]",,,,,12
方一强,39,1985.05.04,市场总监-专注品牌,13800138000,nesson@91muban.cn,"[{'学习时间': '2007-2010', '院校名称': '中南财经政法大学', '学位': '硕士', '专业': '市场营销'}]","{'学位': '硕士', '授予院校': '中南财经政法大学'}","[{'公司名称': '顺庆控股集团', '职位': '副总监', '工作时间': '2015.9--2023.4', '是否为实习经历': False}, {'公司名称': '博聚有限公司', '职位': '市场及运营总监', '工作时间': '2013.9-2015.9', '是否为实习经历': False}, {'公司名称': '泽环俱乐部', '职位': '市场副总监', '工作时间': '2010.9-2013.9', '是否为实习经历': False}]","[{'名称': '普通话一级甲等', '获得时间': None}, {'名称': '全国计算机二级', '获得时间': None}, {'名称': '大学英语四级', '获得时间': None}, {'名称': '大学英语六级', '获得时间': None}]",,"['沟通能力', '团队领导', '商务谈判', '资源整合', '业务推进']","[{'名称': '新长城中南财经政法大学自强社“优秀社员”', '获得时间': '2010年'}, {'名称': '三下乡”社会实践活动“优秀学生”', '获得时间': '2009年'}, {'名称': '中南财经政法大学学生田径运动会10人立定跳远团体赛第三名', '获得时间': '2008年'}, {'名称': '学生军事技能训练“优秀学员”', '获得时间': '2007年'}, {'名称': '中南财经政法大学盼盼杯烘焙食品创意大赛优秀奖', '获得时间': '2006年'}, {'名称': '西部高校大学生主题征文一等奖', '获得时间': '2005年'}]",,,,,13
黎芸贵,40,1984.04.06,市场总监-专注品牌方向,13800138000,service@500d.me,"[{'学习时间': '2006.07-2009.06', '院校名称': '华中师范大学', '学位': '硕士', '专业': '市场营销'}]","{'学位': '硕士', '授予院校': '华中师范大学'}","[{'公司名称': '锦伟控股集团', '职位': '副总监', '工作时间': '2015.12--2023.4', '是否为实习经历': False}, {'公司名称': '欧成有限公司', '职位': '市场及运营总监', '工作时间': '2013.12-2015.12', '是否为实习经历': False}, {'公司名称': '宇翰俱乐部', '职位': '市场副总监', '工作时间': '2009.12-2013.12', '是否为实习经历': False}]","[{'名称': '普通话一级甲等', '获得时间': None}, {'名称': '全国计算机二级', '获得时间': None}, {'名称': '大学英语四级', '获得时间': None}, {'名称': '大学英语六级', '获得时间': None}]",,,"[{'名称': '新长城华中师范大学自强社“优秀社员”', '获得时间': '2006年'}, {'名称': '三下乡”社会实践活动“优秀学生”', '获得时间': '2005年'}, {'名称': '华中师范大学学生田径运动会10人立定跳远团体赛第三名', '获得时间': '2005年'}, {'名称': '学生军事技能训练“优秀学员”', '获得时间': '2005年'}, {'名称': '华中师范大学盼盼杯烘焙食品创意大赛优秀奖', '获得时间': '2005年'}, {'名称': '西部高校大学生主题征文一等奖', '获得时间': '2004年'}, {'名称': '华中师范大学“点燃川大梦 畅享我青春”微博文征集大赛二等奖', '获得时间': '2003年'}]",,,,,14
郑伊雯,39,1985.05,市场总监-专注品牌,13800138000,nesson@91muban.cn,"[{'学习时间': '2010.07-2015.06', '院校名称': '华中农业大学', '学位': '博士', '专业': '市场营销'}, {'学习时间': '2007.07-2010.06', '院校名称': '华中农业大学', '学位': '硕士', '专业': '市场营销'}]","{'学位': '博士', '授予院校': '华中农业大学'}","[{'公司名称': '卓米控股集团', '职位': '副总监', '工作时间': '2018.12--2023.4', '是否为实习经历': False}, {'公司名称': '瀚才有限公司', '职位': '市场及运营总监', '工作时间': '2016.12-2018.12', '是否为实习经历': False}, {'公司名称': '亚雨俱乐部', '职位': '市场副总监', '工作时间': '2015.12-2016.12', '是否为实习经历': False}]","[{'名称': '普通话一级甲等', '获得时间': None}, {'名称': '全国计算机二级', '获得时间': None}, {'名称': '大学英语四/六级（CET-4/6）', '获得时间': None}]",中共党员,"['Responsible', 'InDesign', 'Organized', 'Photoshop', 'Cooperative', 'Illustrator', 'Learning', 'After effect']","[{'名称': '新长城华中农业大学自强社“优秀社员”', '获得时间': '2013年'}, {'名称': '三下乡”社会实践活动“优秀学生”', '获得时间': '2012年'}, {'名称': '华中农业大学学生田径运动会10人立定跳远团体赛第三名', '获得时间': '2011年'}, {'名称': '学生军事技能训练“优秀学员”', '获得时间': '2010年'}, {'名称': '华中农业大学盼盼杯烘焙食品创意大赛优秀奖', '获得时间': '2009年'}, {'名称': '西部高校大学生主题征文一等奖', '获得时间': '2008年'}, {'名称': '华中农业大学“点燃川大梦 畅享我青春”微博文征集大赛二等奖', '获得时间': '2007年'}]",177,,,湖北省武汉市,8
雷进宝,38,1986.04.06,市场总监-专注品牌方向,+86 13800138000,nesson@91muban.cn,"[{'学习时间': '2011.07-2014.06', '院校名称': '中国地质大学', '学位': '博士', '专业': '市场营销'}, {'学习时间': '2008.07-2011.06', '院校名称': '中国地质大学', '学位': '硕士', '专业': '市场营销'}]","{'学位': '博士', '授予院校': '中国地质大学'}","[{'公司名称': '田海控股集团', '职位': '副总监', '工作时间': '2016.08--2023.4', '是否为实习经历': False}, {'公司名称': '翔震有限公司', '职位': '市场及运营总监', '工作时间': '2015.08-2016.08', '是否为实习经历': False}, {'公司名称': '远亚俱乐部', '职位': '市场副总监', '工作时间': '2014.08-2015.08', '是否为实习经历': False}]","[{'名称': '普通话一级甲等', '获得时间': None}, {'名称': '全国计算机二级', '获得时间': None}, {'名称': '大学英语四级', '获得时间': None}, {'名称': '大学英语六级', '获得时间': None}]",,,"[{'名称': '新长城中国地质大学自强社“优秀社员”', '获得时间': '2013年'}, {'名称': '三下乡”社会实践活动“优秀学生”', '获得时间': '2012年'}, {'名称': '中国地质大学学生田径运动会10人立定跳远团体赛第三名', '获得时间': '2011年'}, {'名称': '学生军事技能训练“优秀学员”', '获得时间': '2010年'}, {'名称': '中国地质大学盼盼杯烘焙食品创意大赛优秀奖', '获得时间': '2009年'}, {'名称': '西部高校大学生主题征文一等奖', '获得时间': '2008年'}, {'名称': '中国地质大学“点燃川大梦 畅享我青春”微博文征集大赛二等奖', '获得时间': '2008年'}]",,,,湖北省武汉市,9
吴美隆,37,1987.05,,13800138000,service@500d.me,"[{'学习时间': '2012.07-2017.06', '院校名称': '湖南大学', '学位': '博士', '专业': '市场营销'}]","{'学位': '博士', '授予院校': '湖南大学'}","[{'公司名称': '铭安投资控股集团', '职位': '副总监', '工作时间': '2019.08--2023.4', '是否为实习经历': False}, {'公司名称': '熙聚设计有限公司', '职位': '市场及运营总监', '工作时间': '2018.09-2019.08', '是否为实习经历': False}, {'公司名称': '平纪设计俱乐部', '职位': '市场副总监', '工作时间': '2017.08-2018.08', '是否为实习经历': False}]","[{'名称': '普通话一级甲等', '获得时间': None}, {'名称': '全国计算机二级', '获得时间': None}, {'名称': '大学英语四级', '获得时间': None}, {'名称': '大学英语六级', '获得时间': None}]",中共党员,"['规划', '组织', '策划', '方案执行', '团队领导', '人际关系处理', '商务谈判', '沟通', '合作关系掌控', '市场开拓', '资源整合', '业务推进', '思维敏捷', '培训演讲', '激励艺术', '团队协调', '团队凝聚力']","[{'名称': '新长城湖南大学自强社“优秀社员”', '获得时间': '2013年'}, {'名称': '三下乡”社会实践活动“优秀学生”', '获得时间': '2013年'}, {'名称': '湖南大学学生田径运动会10人立定跳远团体赛第三名', '获得时间': '2012年'}, {'名称': '学生军事技能训练“优秀学员”', '获得时间': '2012年'}, {'名称': '湖南大学盼盼杯烘焙食品创意大赛优秀奖', '获得时间': '2011年'}, {'名称': '西部高校大学生主题征文一等奖', '获得时间': '2011年'}, {'名称': '湖南大学“点燃川大梦 畅享我青春”微博文征集大赛二等奖', '获得时间': '2010年'}]",177cm,,,湖北省武汉市,6
吴心真,36,1988.05,市场总监-专注品牌方,13800138000,service@500d.me,"[{'学习时间': '2013.07-2016.06', '院校名称': '中南大学', '学位': '博士', '专业': '市场营销'}, {'学习时间': '2010.07-2013.06', '院校名称': '中南大学', '学位': '硕士', '专业': '市场营销'}]","{'学位': '博士', '授予院校': '中南大学'}","[{'公司名称': '仟仁设计控股集团', '职位': '副总监', '工作时间': '2020.12--2023.4', '是否为实习经历': False}, {'公司名称': '力学设计有限公司', '职位': '市场及运营总监', '工作时间': '2018.12-2020.12', '是否为实习经历': False}, {'公司名称': '杭亿设计俱乐部', '职位': '市场副总监', '工作时间': '2017.12-2018.12', '是否为实习经历': False}, {'公司名称': '彬迅设计集团', '职位': '市场部-市场经理', '工作时间': '2016.12-2017.12', '是否为实习经历': False}]","[{'名称': '对外汉语证书', '获得时间': None}, {'名称': '计算机四级证书', '获得时间': None}, {'名称': '专项技能计算机证书', '获得时间': None}, {'名称': '大学英语四、六级证书', '获得时间': None}]",中共党员,"['Photoshop 80%', 'Rillustrator 75%', 'Ieadership 40%', 'Teamwork 70%', 'MS Word 80%', 'MS Excel 30%', 'PowerPoint 60%']","[{'名称': '新长城中南大学自强社“优秀社员”', '获得时间': '2015年'}, {'名称': '三下乡”社会实践活动“优秀学生”', '获得时间': '2014年'}, {'名称': '中南大学学生田径运动会10人立定跳远团体赛第三名', '获得时间': '2013年'}, {'名称': '学生军事技能训练“优秀学员”', '获得时间': '2013年'}, {'名称': '中南大学盼盼杯烘焙食品创意大赛优秀奖', '获得时间': '2013年'}, {'名称': '西部高校大学生主题征文一等奖', '获得时间': '2012年'}]",,,湖南,湖北省武汉市,7
王美珠,35,1989.05,市场总监-专注品牌方向,13800138000,service@500d.me,"[{'学习时间': '2014.07-2019.06', '院校名称': '湖南师范大学', '学位': '博士', '专业': '市场营销'}, {'学习时间': '20011.07-2014.06', '院校名称': '湖南师范大学', '学位': '硕士', '专业': '市场营销'}]","{'学位': '博士', '授予院校': '湖南师范大学'}","[{'公司名称': '辉世设计控股集团', '职位': '副总监', '工作时间': '2022.09--2023.4', '是否为实习经历': False}, {'公司名称': '鼎基设计有限公司', '职位': '市场及运营总监', '工作时间': '2021.09-2022.09', '是否为实习经历': False}, {'公司名称': '宏建设计俱乐部', '职位': '市场副总监', '工作时间': '2020.09-2021.09', '是否为实习经历': False}, {'公司名称': '信健设计集团', '职位': '市场部-市场经理', '工作时间': '2019.09-2020.09', '是否为实习经历': False}]","[{'名称': '普通话一级甲等', '获得时间': None}, {'名称': '全国计算机二级', '获得时间': None}, {'名称': '大学英语四级', '获得时间': None}, {'名称': '大学英语六级', '获得时间': None}]",,,"[{'名称': '湖南师范大学“唇舌烽火”辩论赛冠军', '获得时间': None}, {'名称': '湖南师范大学2011级“杰出辩手”', '获得时间': None}]",,,,湖北省武汉市,4
郭芳天,29,1995.04.06,市场总监-专注品牌,13800138000,service@500d.me,"[{'学习时间': '2013.07-2017.06', '院校名称': '上海外国语大学', '学位': '本科', '专业': '市场营销'}]","{'学位': '本科', '授予院校': '上海外国语大学'}","[{'公司名称': '翔汇投资控股集团', '职位': '副总监', '工作时间': '2019.12--2023.4', '是否为实习经历': False}, {'公司名称': '源清设计有限公司', '职位': '市场及运营总监', '工作时间': '2018.12-2019.12', '是否为实习经历': False}, {'公司名称': '枫辰设计俱乐部', '职位': '市场副总监', '工作时间': '2017.12-2018.12', '是否为实习经历': False}]","[{'名称': '普通话一级甲等', '获得时间': None}, {'名称': '全国计算机二级', '获得时间': None}, {'名称': '大学英语四级', '获得时间': None}, {'名称': '大学英语六级', '获得时间': None}]",,"['阅读', '旅行', '跑步', '羽毛球', '爬山', '烹饪']","[{'名称': '新长城上海外国语大学自强社“优秀社员”', '获得时间': '2016年'}, {'名称': '三下乡”社会实践活动“优秀学生”', '获得时间': '2015年'}, {'名称': '上海外国语大学学生田径运动会10人立定跳远团体赛第三名', '获得时间': '2015年'}, {'名称': '学生军事技能训练“优秀学员”', '获得时间': '2015年'}, {'名称': '上海外国语大学盼盼杯烘焙食品创意大赛优秀奖', '获得时间': '2015年'}, {'名称': '高校大学生主题征文一等奖', '获得时间': '2014年'}, {'名称': '上海外国语大学“青春”微博文征集大赛二等奖', '获得时间': '2014年'}]",,,,上海浦东新区,6
李雅惠,30,,设计师,13912341210,xianqi@taobao.com,"[{'学习时间': '2011-2015', '院校名称': '湖南大学', '学位': '本科', '专业': '平面设计'}]","{'学位': '本科', '授予院校': '湖南大学'}","[{'公司名称': '美铭顾问有限公司', '职位': '平面设计师', '工作时间': '2015.10-2016.10', '是否为实习经历': False}, {'公司名称': '智扬顾问有限公司', '职位': '平面设计师', '工作时间': '2016.10-2018.10', '是否为实习经历': False}, {'公司名称': '铭扬顾问有限公司', '职位': '平面设计师', '工作时间': '2018.10--2023.4', '是否为实习经历': False}]","[{'名称': 'MS Office', '获得时间': None}, {'名称': 'Adobe中国认证设计师', '获得时间': None}, {'名称': 'Photoshop', '获得时间': None}, {'名称': 'Adobe认证产品专家', '获得时间': None}, {'名称': 'Illustrator', '获得时间': None}, {'名称': '平面设计师资格证书', '获得时间': None}, {'名称': '英语四六级证书', '获得时间': None}, {'名称': '粤语', '获得时间': None}]",,,"[{'名称': '2011年湖南省“省优秀毕业生”', '获得时间': None}, {'名称': '2011年湘潭大学“校优秀毕业生”', '获得时间': None}, {'名称': '2011年湘潭大学“优秀共产党员”', '获得时间': None}, {'名称': '2011年湘潭大学“优秀辅导组成员”', '获得时间': None}, {'名称': '2012年全国数学建模竞赛三等奖', '获得时间': None}, {'名称': '2012年湘潭大学物理竞赛二等奖', '获得时间': None}, {'名称': '2012年校“优秀社团工作者”', '获得时间': None}, {'名称': '2013年中国科学院“优秀班干部”', '获得时间': None}, {'名称': '2013年“三好学生”', '获得时间': None}, {'名称': '2013年中国科学院金属研究所“原创科普作品大赛”优秀奖', '获得时间': None}]",,,上海,上海浦东新区XX路,8
陈文婷,29,,设计师,13912341210,xianqi@taobao.com,"[{'学习时间': '2012-2016', '院校名称': '东华大学', '学位': '本科', '专业': '平面设计'}]","{'学位': '本科', '授予院校': '东华大学'}","[{'公司名称': '美智顾问有限公司', '职位': '平面设计师', '工作时间': '2016.9 - 2018.9', '是否为实习经历': False}, {'公司名称': '素颜堂高新技术有限公司', '职位': '平面设计师', '工作时间': '2018.9 -2023.4', '是否为实习经历': False}]","[{'名称': 'Adobe中国认证设计师', '获得时间': None}, {'名称': 'Photoshop Adobe认证产品专家', '获得时间': None}, {'名称': 'Illustrator 平面设计师资格证书', '获得时间': None}, {'名称': '英语四六级证书', '获得时间': None}]",,"['丰富的社会实践经历', '同事公认PPT制作达人', '精益求精的专业态度', '会进行基础的网站建设', '修改为突出要点总结', '爱书法有一定书写能力']","[{'名称': '东华大学“校优秀毕业生”', '获得时间': '2013年'}, {'名称': '东华大学“优秀共产党员”、 “优秀辅导组成员”荣誉称号', '获得时间': '2013年'}, {'名称': '全国数学建模竞赛三等奖，东华大学物理竞赛二等奖', '获得时间': '2014年'}, {'名称': '校“优秀社团工作者”荣誉称号', '获得时间': '2014年'}, {'名称': '中国科学院“优秀班干部”，“三好学生”荣誉称号', '获得时间': '2015年'}, {'名称': '中国科学院金属研究所“原创科普作品大赛”优秀奖', '获得时间': '2015年'}]",,,,上海浦东新区123路,7
曹敏佑,32,1992.5,设计师,13212345678,caominyou@163.com,"[{'学习时间': '2012.5 - 2016.6', '院校名称': '山东大学', '学位': '本科', '专业': 'UI设计'}]","{'学位': '本科', '授予院校': '山东大学'}","[{'公司名称': '渝峰设计服务有限公司', '职位': '平面设计师', '工作时间': '2021.7 - -2023.4', '是否为实习经历': False}, {'公司名称': '诺恒设计服务有限公司', '职位': '平面设计师', '工作时间': '2020.7 - 2021.7', '是否为实习经历': False}, {'公司名称': '朝伊设计服务有限公司', '职位': '平面设计师', '工作时间': '2019.7 - 2020.7', '是否为实习经历': False}, {'公司名称': '宁联设计服务有限公司', '职位': '平面设计师', '工作时间': '2018.7 - 2019.7', '是否为实习经历': False}, {'公司名称': '德超设计服务有限公司', '职位': '平面设计师', '工作时间': '2017.7 - 2018.7', '是否为实习经历': False}, {'公司名称': '阳益设计服务有限公司', '职位': '实习', '工作时间': '2016.3 - 2017.3', '是否为实习经历': True}, {'公司名称': '喜亚设计服务有限公司', '职位': '实习', '工作时间': '2015.3 - 2016.3', '是否为实习经历': True}, {'公司名称': '宁鸣设计服务有限公司', '职位': '实习', '工作时间': '2014.3 - 2015.3', '是否为实习经历': True}]","[{'名称': 'Adobe中国认证设计师', '获得时间': None}, {'名称': 'Adobe认证产品专家', '获得时间': None}, {'名称': '平面设计师资格证书', '获得时间': None}, {'名称': '英语四六级证书', '获得时间': None}]",,,,,,山东,,6
王依婷,34,,,13124567890,12345678@163.com,"[{'学习时间': '2011 - 2015', '院校名称': '浙江大学', '学位': '本科', '专业': '农学'}]","{'学位': '本科', '授予院校': '浙江大学'}","[{'公司名称': '玮威设计技术有限公司', '职位': '平面设计师', '工作时间': '2015.7 - 2017.7', '是否为实习经历': False}, {'公司名称': '祥朗设计技术有限公司', '职位': '平面设计师', '工作时间': '2017.7 - 2018.7', '是否为实习经历': False}, {'公司名称': '荣榕设计技术有限公司', '职位': '平面设计师', '工作时间': '2018.7 - 2021.7', '是否为实习经历': False}, {'公司名称': '奥嘉设计技术有限公司', '职位': '平面设计师', '工作时间': '2021.7 -2023.4', '是否为实习经历': False}]","[{'名称': '某某证书', '获得时间': '2012年'}, {'名称': '某某证书', '获得时间': '2013年'}, {'名称': '某某证书', '获得时间': '2014年'}, {'名称': '某某证书', '获得时间': '2015年'}]",中共党员,[],"[{'名称': '浙江省“优秀毕业生”', '获得时间': '2015年'}, {'名称': '浙江大学“校优秀毕业生”', '获得时间': '2015年'}, {'名称': '湘潭大学“优秀共产党员”', '获得时间': '2014年'}, {'名称': '浙江大学“优秀辅导组成员”', '获得时间': '2014年'}]",,,上海,上海，浦东,8
陈婉璇,37,1987年6月5日,简历设计师,13123456789,131234@163.com,"[{'学习时间': '2009-2012', '院校名称': '浙江大学', '学位': '硕士', '专业': '农学'}]","{'学位': '硕士', '授予院校': '浙江大学'}","[{'公司名称': '金瀚设计技术有限公司', '职位': '平面设计师', '工作时间': '2022.8--2023.4', '是否为实习经历': False}, {'公司名称': '滨文设计技术有限公司', '职位': '平面设计师', '工作时间': '2020.8-2022.8', '是否为实习经历': False}, {'公司名称': '金瀚设计技术有限公司', '职位': '高级平面设计师', '工作时间': '2017.8-2020.8', '是否为实习经历': False}, {'公司名称': '滨文设计技术有限公司', '职位': '初级平面设计师', '工作时间': '2013.8-2016.8', '是否为实习经历': False}, {'公司名称': '滨文设计技术有限公司', '职位': '平面设计师助理', '工作时间': '2012.8-2013.8', '是否为实习经历': False}]","[{'名称': '英语六级证书', '获得时间': '2010年'}, {'名称': '驾照', '获得时间': '2010年'}, {'名称': '某某证书', '获得时间': '2011年'}, {'名称': '某某专业软件', '获得时间': '2011年'}, {'名称': '某某证书', '获得时间': '2012年'}, {'名称': '日语水平能够简单交流', '获得时间': None}]",中共党员,"['熟练使用microsoft office系列办公软件', '熟练使用Photoshop软件', '粤语流利，沟通无碍']",,175,60,山东,北京市东花市北里123号楼6单元501室,10
吴美玉,34,,,820121391,123456@163.com,"[{'学习时间': '电子科技大学成都学院', '院校名称': '2008201213912341234', '学位': '本科', '专业': '设计'}]","{'学位': '本科', '授予院校': '电子科技大学成都学院'}","[{'公司名称': '隆盈数字产品(深圳)有限公司', '职位': 'IS技术总监/经理', '工作时间': '2017.9-2020.8', '是否为实习经历': False}, {'公司名称': '风杭数字产品(深圳)有限公司', '职位': 'IS技术总监/经理', '工作时间': '2014.9-2017.9', '是否为实习经历': False}, {'公司名称': '优宇数字产品(深圳)有限', '职位': 'IS技术总监/经理', '工作时间': '2012.9-2014.9', '是否为实习经历': False}]","[{'名称': '英语四六级证书', '获得时间': '均优秀'}, {'名称': '全国计算机二级（C语言）', '获得时间': None}, {'名称': '全国计算机三级（网络技术）', '获得时间': None}]",,"['爬山', '跑步', '读文学作品', '音响发烧']",,,,上海,浦东,8
蔡依婷,30,,设计师,13912345678,xianxian@taobao.com,"[{'学习时间': '2011 - 2015', '院校名称': '北京理工大学', '学位': '本科', '专业': '设计'}]","{'学位': '本科', '授予院校': '北京理工大学'}","[{'公司名称': '智扬顾问有限公司', '职位': '平面设计师', '工作时间': '2019.9 - -2023.4', '是否为实习经历': False}, {'公司名称': '美铭顾问有限公司', '职位': '平面设计师', '工作时间': '2015.9 - 2019.9', '是否为实习经历': False}]","[{'名称': 'Adobe认证设计师', '获得时间': None}, {'名称': 'Adobe认证产品专家', '获得时间': None}, {'名称': '平面设计师资格证书', '获得时间': None}, {'名称': '英语四六级证书', '获得时间': None}]",,"['MS Office', 'Photoshop', 'Illustrator', '英语', '日语', '粤语']","[{'名称': '大学生三下乡优秀支教老师', '获得时间': None}]",,,上海,,8
杨欣宇,29,,销售经理 / 销售总监,13891898756,Hilisyoung@qq.com,"[{'学习时间': '2013 - 2017', '院校名称': '北方民族大学', '学位': '本科', '专业': '电子商务'}, {'学习时间': '2017 - 2018', '院校名称': '蓝天商务培训学校', '学位': None, '专业': '网络商务培训'}]","{'学位': '本科', '授予院校': '北方民族大学'}","[{'公司名称': '深圳腾讯科技有限公司', '职位': '销售经理', '工作时间': '2020.9--2023.4', '是否为实习经历': False}, {'公司名称': '北京奇虎科技有限公司', '职位': '销售经理', '工作时间': '2018.9 - 2020.9', '是否为实习经历': False}, {'公司名称': '北京百度科技有限公司', '职位': '销售经理', '工作时间': '2017.9 - 2018.9', '是否为实习经历': False}]","[{'名称': 'Word', '获得时间': None}, {'名称': 'Excel', '获得时间': None}, {'名称': 'Powerpoint', '获得时间': None}, {'名称': 'OS system', '获得时间': None}]",,['执行力'],"[{'名称': '产品事业部最佳员工', '获得时间': '2018年'}, {'名称': '产品事业部最佳员工', '获得时间': '2020年'}]",,,,,6
林家纶,28,,设计师,13912345678,139123@163.com,"[{'学习时间': '2014 - 2018', '院校名称': '上海交通大学', '学位': '本科', '专业': '平面设计'}]","{'学位': '本科', '授予院校': '上海交通大学'}","[{'公司名称': '霖涛设计技术有限公司', '职位': '平面设计师', '工作时间': '2022.9 -2023.4', '是否为实习经历': False}, {'公司名称': '浩涛设计技术有限公司', '职位': '平面设计师', '工作时间': '2021.9 C 2022.9', '是否为实习经历': False}, {'公司名称': '汇康设计技术有限公司', '职位': '平面设计师', '工作时间': '2020.9 C 2021.9', '是否为实习经历': False}, {'公司名称': '智蓝设计技术有限公司', '职位': '平面设计师', '工作时间': '2019.9 C 2020.9', '是否为实习经历': False}, {'公司名称': '佑若设计技术有限公司', '职位': '平面设计师', '工作时间': '2018.9 C 2019.9', '是否为实习经历': False}]","[{'名称': '某某证书', '获得时间': '2015年'}, {'名称': '页面布局―主题―颜色―选颜色更换', '获得时间': '2015年'}, {'名称': '驾照', '获得时间': '2015年'}, {'名称': 'Photoshop软件', '获得时间': '熟练使用'}, {'名称': '某某专业软件', '获得时间': '熟练使用'}, {'名称': '某某证书', '获得时间': '2016年'}, {'名称': '粤语流利，沟通无碍', '获得时间': '2017年'}, {'名称': '某某证书', '获得时间': '2017年'}, {'名称': '日语水平能够简单交流', '获得时间': None}]",中共党员,"['学习上：勤奋刻苦、认真好学、脚踏实地、能不断地充实自己的专业知识，并主动吸收新知识。', '生活上：活泼开朗、乐观向上、兴趣广泛、爱好体育运动；适应力强、坚忍不拔、吃苦耐劳、勇于迎接新挑战；在同学中，有良好的人际关系。', '工作上：具有较强的团队管理能力，独立问题解决能力和较强的执行能力，具有较强的抗压能力，责任心强，具有良好的沟通能力和团队合作意识。']",,165,50,上海,,5
郑昌梦,36,,平面设计师,13123456789,12345678@163.com,"[{'学习时间': '2010 - 2013', '院校名称': '北京邮电大学', '学位': '硕士', '专业': '设计'}, {'学习时间': '2013 - 2017', '院校名称': '北京邮电大学', '学位': '博士', '专业': '设计'}]","{'学位': '博士', '授予院校': '北京邮电大学'}","[{'公司名称': '斌清设计服务有限公司', '职位': '平面设计师', '工作时间': '2022.8 -2023.4', '是否为实习经历': False}, {'公司名称': '泰晨设计服务有限公司', '职位': '平面设计师', '工作时间': '2021.8 到 2022.8', '是否为实习经历': False}, {'公司名称': '锋杉设计服务有限公司', '职位': '平面设计师', '工作时间': '2019.8 到 2021.8', '是否为实习经历': False}, {'公司名称': '昌凯设计服务有限公司', '职位': '平面设计师', '工作时间': '2017.8 到 2019.8', '是否为实习经历': False}]","[{'名称': '英语四六级', '获得时间': None}, {'名称': '法语', '获得时间': None}, {'名称': '粤语', '获得时间': None}, {'名称': 'Microsoft Word', '获得时间': None}, {'名称': 'Microsoft PowerPoint', '获得时间': None}, {'名称': 'Photoshop', '获得时间': None}]",,[],[],,,山东,上海，浦东,6
张瑞群,27,1997年,设计师,+(0) 1 2345 555,CONTACT@YOURDOMAIN.COM张瑞群,"[{'学习时间': '2016-2020', '院校名称': '中国传媒大学', '学位': '本科', '专业': '广告艺术设计'}, {'学习时间': '2020', '院校名称': '小度培训机构', '学位': '无', '专业': 'None'}]","{'学位': '本科', '授予院校': '中国传媒大学'}","[{'公司名称': '上海吉安实业有限公司', '职位': '设计师', '工作时间': '2022.9--2023.4', '是否为实习经历': False}, {'公司名称': '北京杉杉设计公司', '职位': '设计师', '工作时间': '2021.9-2022.9', '是否为实习经历': False}, {'公司名称': '上海枫岚有限公司', '职位': '设计师', '工作时间': '2020.9-2021.9', '是否为实习经历': False}]","[{'名称': '英语四六级', '获得时间': 'None'}]",,[],[],,,,,3
洪紫芬,38,1986.05,市场总监-专注品牌方向,13800138000,nesson@91muban.cn,"[{'学习时间': '2008.07-2011.06', '院校名称': '北京师范大学', '学位': '硕士', '专业': '市场营销'}, {'学习时间': '2004.07-2008.06', '院校名称': '北京师范大学', '学位': '本科', '专业': '市场营销'}]","{'学位': '硕士', '授予院校': '北京师范大学'}","[{'公司名称': '裕正控股集团', '职位': '副总监', '工作时间': '2015.09--2023.4', '是否为实习经历': False}, {'公司名称': '明泽有限公司', '职位': '市场及运营总监', '工作时间': '2013.09-2015.09', '是否为实习经历': False}, {'公司名称': '润美俱乐部', '职位': '市场副总监', '工作时间': '2012.09-2013.09', '是否为实习经历': False}, {'公司名称': '百扬集团', '职位': '市场部-市场经理', '工作时间': '2011.09-2012.09', '是否为实习经历': False}]","[{'名称': '计算机四级证书', '获得时间': None}, {'名称': '大学英语四、六级证书', '获得时间': None}]",,,"[{'名称': '新长城北京师范大学自强社“优秀社员”', '获得时间': '2011年'}, {'名称': '三下乡”社会实践活动“优秀学生”', '获得时间': '2011年'}, {'名称': '北京师范大学学生田径运动会10人立定跳远团体赛第三名', '获得时间': '2010年'}, {'名称': '北京师范大学盼盼杯烘焙食品创意大赛优秀奖', '获得时间': '2010年'}, {'名称': '北京师范大学“燃梦享青春”微博文征集大赛二等奖', '获得时间': '2009年'}]",,,,,12
邓家伟,26,1998.09,市场专员,13500000000,hr@500d.me28,"[{'学习时间': '2014.09-2018.07', '院校名称': '华南理工大学', '学位': '本科', '专业': '市场营销'}]","{'学位': '本科', '授予院校': '华南理工大学'}","[{'公司名称': '卓望信息科技有限公司', '职位': '营运推广主管', '工作时间': '2019.09-2023.4', '是否为实习经历': False}, {'公司名称': '广州灵心沙文化活动有限公司', '职位': '市场推广专员', '工作时间': '2018.09-2019.09', '是否为实习经历': False}]","[{'名称': 'CET-6', '获得时间': None}, {'名称': '计算机二级', '获得时间': None}, {'名称': '高级营销员', '获得时间': None}]",,,,,,广东省广州市,广东省广州市,5
谢佩,26,1995年9月,市场专员,13500135000,service@500d.me,"[{'学习时间': '2016.09-2020.07', '院校名称': '中国人民大学', '学位': '本科', '专业': '市场营销'}]","{'学位': '本科', '授予院校': '中国人民大学'}","[{'公司名称': '昌凯信息科技有限公司', '职位': '营运推广主管', '工作时间': '2021.08-2023.4', '是否为实习经历': False}, {'公司名称': '泰晨活动有限公司', '职位': '市场推广专员', '工作时间': '2020.08-2021.08', '是否为实习经历': False}]","[{'名称': 'CET-6', '获得时间': None}, {'名称': '计算机二级', '获得时间': None}, {'名称': '高级营销员', '获得时间': None}]",,,,,,广东省广州市,,3
任郁文,26,1998年,设计市场专员,13500135000,Service@500d.me29,"[{'学习时间': '2017.09-2020.07', '院校名称': '上海交通大学', '学位': '硕士', '专业': '市场营销'}]","{'学位': '硕士', '授予院校': '上海交通大学'}","[{'公司名称': '恩汇信息科技有限公司', '职位': '营运推广主管', '工作时间': '2021.8-2023.4', '是否为实习经历': False}, {'公司名称': '全宇文化活动有限公司', '职位': '市场推广专员-实习', '工作时间': '2020.08-2021.08', '是否为实习经历': True}]","[{'名称': 'CET-6', '获得时间': 'None'}, {'名称': '计算机二级', '获得时间': 'None'}, {'名称': '高级营销员', '获得时间': 'None'}]",,[],[],,,,,2
李治,32,,设计市场专员,13500135000,service@500d.me,"[{'学习时间': '2010.09-2014.07', '院校名称': '同济大学', '学位': '本科', '专业': '市场营销'}]","{'学位': '本科', '授予院校': '同济大学'}","[{'公司名称': '禧晨信息科技有限公司', '职位': '营运推广主管', '工作时间': '2016.08-2023.4', '是否为实习经历': False}, {'公司名称': '玮航文化活动有限公司', '职位': '市场推广专员', '工作时间': '2014.08-2016.08', '是否为实习经历': False}]","[{'名称': 'CET-6', '获得时间': None}, {'名称': '计算机二级', '获得时间': None}, {'名称': '高级营销员', '获得时间': None}]",,,,,,,,9
林石美,34,,市场专员,13500135000,service@500d.me,"[{'学习时间': '2008.09-2012.07', '院校名称': '重庆大学', '学位': '本科', '专业': '市场营销'}]","{'学位': '本科', '授予院校': '重庆大学'}","[{'公司名称': '卓望信息科技有限公司', '职位': '营运推广主管', '工作时间': '2013.08-2023.4', '是否为实习经历': False}, {'公司名称': '广州灵心沙文化活动有限公司', '职位': '市场推广专员', '工作时间': '2012.08-2013.08', '是否为实习经历': False}]","[{'名称': 'CET-6', '获得时间': None}, {'名称': '计算机二级', '获得时间': None}, {'名称': '高级营销员', '获得时间': None}]",,,,,,广东省广州市,,11
郑雅茜,36,,设计市场专员,13500000000,hr@500d.me郑雅茜,"[{'学习时间': '2013.9-2016.7', '院校名称': '哈尔滨工业大学', '学位': '博士', '专业': '市场营销'}, {'学习时间': '2010.9-2013.7', '院校名称': '哈尔滨工业大学', '学位': '硕士', '专业': '市场营销'}]","{'学位': '博士', '授予院校': '哈尔滨工业大学'}","[{'公司名称': '佑纪信息科技有限公司', '职位': '营运推广主管', '工作时间': '2018.08-2023.4', '是否为实习经历': False}, {'公司名称': '力汇文化活动有限公司', '职位': '市场推广专员', '工作时间': '2016.08-2018.08', '是否为实习经历': False}]",,,,,,,,,7
胡泰,29,1995年9月,设计市场专员,13500135000,service@500d.me33岁,"[{'学习时间': '2009.09-2013.07', '院校名称': '中山大学', '学位': '本科', '专业': '市场营销'}]","{'学位': '本科', '授予院校': '中山大学'}","[{'公司名称': '卓望信息科技有限公司', '职位': '运营主管', '工作时间': '2014.8-2016.8', '是否为实习经历': False}, {'公司名称': '广州灵心沙文化活动有限公司', '职位': '策划部实习生', '工作时间': '2012.3-2013.7', '是否为实习经历': True}, {'公司名称': '华润置地（广州）', '职位': '市场推广专员', '工作时间': '2013.8-2014.8', '是否为实习经历': False}, {'公司名称': '迈腾广告有限公司', '职位': '运营推广主管', '工作时间': '2016.8-2023.4', '是否为实习经历': False}]","[{'名称': 'CET-6', '获得时间': None}, {'名称': '计算机二级', '获得时间': None}, {'名称': '高级营销员', '获得时间': None}]",中共党员,[],"[{'名称': '国家奖学金', '获得时间': '2009.10'}, {'名称': '三好学生称号', '获得时间': '2010.11'}, {'名称': '华南大学生创意营销大赛一等奖', '获得时间': '2010.12'}, {'名称': '挑战杯创业计划大赛省级铜奖', '获得时间': '2011.4'}]",,,,上海市,10
陈怡盈,34,,设计市场专员,18800135000,service@500d.me,"[{'学习时间': '2008.9-2012.6', '院校名称': '兰州大学', '学位': '本科', '专业': '市场营销'}]","{'学位': '本科', '授予院校': '兰州大学'}","[{'公司名称': '卓望信息科技有限公司', '职位': '市场专员', '工作时间': '2013.08-2023.4', '是否为实习经历': False}, {'公司名称': '荣群文化活动有限公司', '职位': '市场推广员', '工作时间': '2012.08-2013.08', '是否为实习经历': False}]","[{'名称': 'CET-6', '获得时间': None}, {'名称': '国家奖学金', '获得时间': '2009.10'}, {'名称': '计算机二级', '获得时间': None}, {'名称': '三好学生称号', '获得时间': '2010.11'}, {'名称': '高级营销员', '获得时间': None}, {'名称': '大学生创意营销大赛一等奖', '获得时间': '2010.12'}, {'名称': '挑战杯创业计划大赛省级铜奖', '获得时间': '2010.4'}]",,,"[{'名称': 'CET-6', '获得时间': None}, {'名称': '国家奖学金', '获得时间': '2009.10'}, {'名称': '计算机二级', '获得时间': None}, {'名称': '三好学生称号', '获得时间': '2010.11'}, {'名称': '高级营销员', '获得时间': None}, {'名称': '大学生创意营销大赛一等奖', '获得时间': '2010.12'}, {'名称': '挑战杯创业计划大赛省级铜奖', '获得时间': '2010.4'}]",,,广东省广州市,,11
石意,24,,设计市场专员,1888888888,naisen.com,"[{'学习时间': '2018.09-2022.07', '院校名称': '上海交通大学', '学位': '本科', '专业': '市场营销'}]","{'学位': '本科', '授予院校': '上海交通大学'}","[{'公司名称': '上海交通大学职业发展社', '职位': '社长', '工作时间': '2019.03-2022.06', '是否为实习经历': False}, {'公司名称': '雄艺科技集团', '职位': '市场部实习生', '工作时间': '2022.07-2023.04', '是否为实习经历': True}]","[{'名称': 'CET-6', '获得时间': None}, {'名称': '计算机二级', '获得时间': None}, {'名称': '高级营销员', '获得时间': None}]",,,"[{'名称': '国家奖学金', '获得时间': '2019.10'}, {'名称': '三好学生称号', '获得时间': '2020.11'}, {'名称': '华南大学生创意营销大赛一等奖', '获得时间': '2020.12'}, {'名称': '挑战杯创业计划大赛省级铜奖', '获得时间': '2021.04'}]",,,广东省广州市,,4
林盈威,34,,设计市场专业,18500135000,AISEN.COM林盈威,"[{'学习时间': '2012.9-2015.6', '院校名称': '南开大学', '学位': '硕士', '专业': '市场营销'}, {'学习时间': '2008.9-2012.6', '院校名称': '南开大学', '学位': '本科', '专业': '市场营销'}]","{'学位': '硕士', '授予院校': '南开大学'}","[{'公司名称': '南开大学职业发展社', '职位': '社长', '工作时间': '2009.3-2012.6', '是否为实习经历': False}, {'公司名称': '伟天科技集团', '职位': '市场部主管', '工作时间': '2016.3-2022.10', '是否为实习经历': False}]","[{'名称': 'CET-6', '获得时间': None}, {'名称': '计算机二级', '获得时间': None}, {'名称': '高级营销员', '获得时间': None}, {'名称': '国家资格证四级', '获得时间': None}]",,"['Photoshop', 'Word', 'Excel']","[{'名称': '国家奖学金', '获得时间': '2009.10'}, {'名称': '三好学生称号', '获得时间': '2010.11'}, {'名称': '大学生创意营销大赛一等奖', '获得时间': '2010.12'}, {'名称': '挑战杯创业计划大赛省级铜奖', '获得时间': '2011.4'}]",,,广东省广州市,,10
林志嘉,27,1995年,市场专员,1888888888,naisen.com,"[{'学习时间': '2015.9-2018.7', '院校名称': '金华职业技术学院', '学位': '大专', '专业': '市场营销'}]","{'学位': '大专', '授予院校': '金华职业技术学院'}","[{'公司名称': '金华职业技术学院职业发展社', '职位': '社长', '工作时间': '2016.6-2018.6', '是否为实习经历': False}, {'公司名称': '禾光科技集团', '职位': '市场部主管', '工作时间': '2018.6-2022.5', '是否为实习经历': False}]","[{'名称': 'CET-6', '获得时间': 'None'}]",,[],"[{'名称': '国家奖学金', '获得时间': '2016.10'}, {'名称': '三好学生称号', '获得时间': '2016.11'}, {'名称': '学生创意营销大赛一等奖', '获得时间': '2017.12'}, {'名称': '挑战杯创业计划大赛省级铜奖', '获得时间': '2017.4'}]",,,,广东省广州市,6
李秀玲,32,1992.02,产品经理,18888888,Naisen.com,"[{'学习时间': '2011.09-2015.07', '院校名称': '中国传媒大学', '学位': '本科', '专业': '无'}]","{'学位': '本科', '授予院校': '中国传媒大学'}","[{'公司名称': '北京卓越教育', '职位': '产品总监', '工作时间': '2018.9-2022.7', '是否为实习经历': False}, {'公司名称': '锋冠设计信息科技', '职位': '产品经理', '工作时间': '2015.9-2018.9', '是否为实习经历': False}]","[{'名称': '无', '获得时间': '无'}]",无,[],"[{'名称': '国家奖学金', '获得时间': '2011'}, {'名称': '三好学生称号', '获得时间': '2011'}, {'名称': '大学生创意大赛一等奖', '获得时间': '2012'}, {'名称': '创业计划大赛省级铜奖', '获得时间': '2013'}]",,,广东,广州,7
王彦霖,26,,市场专员,1888888888,Naisen.com,"[{'学习时间': '2017.09-2020.07', '院校名称': '陕西工业职业技术学院', '学位': '大专', '专业': '市场营销'}]","{'学位': '大专', '授予院校': '陕西工业职业技术学院'}","[{'公司名称': '诚森信息科技有限公司', '职位': '营运推广主管', '工作时间': '2021.7 -2023.4', '是否为实习经历': False}, {'公司名称': '康飞文化活动有限公司', '职位': '市场专员实习', '工作时间': '2020.07-2021.07', '是否为实习经历': True}]","[{'名称': 'CET-6', '获得时间': None}, {'名称': '计算机二级', '获得时间': None}, {'名称': '高级营销员', '获得时间': None}]",,,,,,广东省广州市,,2
叶惟芷,34,1990/8/12,市场总监,13788886666,service@500d.me,"[{'学习时间': '2015.9-2020.7', '院校名称': '中国传媒大学', '学位': '博士', '专业': '艺术设计'}, {'学习时间': '2012.9-2015.7', '院校名称': '中国传媒大学', '学位': '硕士', '专业': '艺术设计'}, {'学习时间': '2008.9-2012.7', '院校名称': '中国传媒大学', '学位': '本科', '专业': '艺术设计'}]","{'学位': '博士', '授予院校': '中国传媒大学'}","[{'公司名称': '深圳华为科技', '职位': '市场总监', '工作时间': '2022.7-2023.4', '是否为实习经历': False}, {'公司名称': '深圳欧成科技', '职位': '市场经理', '工作时间': '2021.7-2022.7', '是否为实习经历': False}, {'公司名称': '深圳帆纪科技', '职位': '市场经理助理', '工作时间': '2020.7-2021.7', '是否为实习经历': False}]","[{'名称': 'Photoshop', '获得时间': None}, {'名称': 'Illustrator', '获得时间': None}, {'名称': 'CorelDraw', '获得时间': None}, {'名称': 'Axure', '获得时间': None}, {'名称': '普通话', '获得时间': None}, {'名称': '英语', '获得时间': None}, {'名称': '粤语', '获得时间': None}]",,"['社交媒体', '软件技能', 'Word', 'Excel']","[{'名称': '优秀班干', '获得时间': None}, {'名称': '第四届全国大学生广告艺术设计大赛平面作品类三等奖', '获得时间': '2011年'}, {'名称': '微博评选大赛“十大美友”奖', '获得时间': '2022.7-2023.4'}]",,,中国.广州,深圳华为科技,3
郑星钰,26,1998/10/12,市场专员,13500135000,service@500d.me郑星钰,"[{'学习时间': '2016.9-2019.7', '院校名称': '新疆农业职业技术学院', '学位': '大专', '专业': '国际贸易'}]","{'学位': '大专', '授予院校': '新疆农业职业技术学院'}","[{'公司名称': '圣荣科技集团', '职位': '市场部推广专员', '工作时间': '2019.7-2022.5', '是否为实习经历': False}]",,中共党员,"['Photoshop', '普通话', 'Word', '英语', 'Illustrator', '粤语', 'CoreIDRAW', 'axure']","[{'名称': '优秀班干', '获得时间': '大学期间'}, {'名称': '第四届全国大学生广告艺术设计大赛江西赛区平面作品类三等奖', '获得时间': '2018年'}, {'名称': '十大美友', '获得时间': '校园文化节“微观江大，聚焦精彩”微博评选大赛'}]",,,,新疆乌鲁木齐,3
邱贞伟,24,2000/8/12,市场专员,13500135000,service@500d.me邱贞伟,"[{'学习时间': '2018.9-2021.7', '院校名称': '长沙民政职业技术学院', '学位': '大专', '专业': '市场营销'}]","{'学位': '大专', '授予院校': '长沙民政职业技术学院'}","[{'公司名称': '深圳同琛科技', '职位': '市场经理助理', '工作时间': '2022.8--2023.4', '是否为实习经历': False}, {'公司名称': '洋环南方基地', '职位': '和彩云产品策划', '工作时间': '2021.8-2022.8', '是否为实习经历': False}, {'公司名称': '唯星信息科技', '职位': 'UI设计', '工作时间': '2019.8-2021.8', '是否为实习经历': False}, {'公司名称': '深圳雨光科技', '职位': '市场实习', '工作时间': '2018.8-2019.8', '是否为实习经历': True}]","[{'名称': 'Photoshop', '获得时间': '2021.8'}, {'名称': 'Word', '获得时间': '2021.8'}, {'名称': 'Illustrator', '获得时间': '2021.8'}, {'名称': 'Axure', '获得时间': '2021.8'}]",,"['熟悉网络推广', '社会化媒体运营', '市场营销策划', '广告摄影', '三维动画制作', 'CI设计与制作', '多媒体影视制作', '平面广告设计', '计算机文化基础', '广告传播学']","[{'名称': '优秀班干', '获得时间': '大学期间'}, {'名称': '第四届全国大学生广告艺术设计大赛平面作品类三等奖', '获得时间': '2011年'}, {'名称': '校园文化节“微观江大，聚焦精彩”微博评选大赛十大美友', '获得时间': 'None'}]",,,中国.湖南,,4
姚扬云,26,1998年8月12日,市场专员,18800000000,yaoyangyun@qq.com1989,"[{'学习时间': '2014.9-2017.7', '院校名称': '中国传媒大学', '学位': '博士', '专业': '艺术设计'}, {'学习时间': '2011.9-2014.7', '院校名称': '中山大学', '学位': '硕士', '专业': '三维动画设计'}, {'学习时间': '2007.9-2011.7', '院校名称': '中山大学', '学位': '本科', '专业': '三维动画设计'}]","{'学位': '博士', '授予院校': '中国传媒大学'}","[{'公司名称': '深圳华龙科技', '职位': '市场经理', '工作时间': '2021.7-2022.8', '是否为实习经历': False}, {'公司名称': '中国顺华科技', '职位': '产品策划', '工作时间': '2020.7-2021.7', '是否为实习经历': False}, {'公司名称': '广州旭景信息科技', '职位': 'UI设计', '工作时间': '2017.7-2020.7', '是否为实习经历': False}]","[{'名称': 'Photoshop', '获得时间': None}, {'名称': 'Illustrator', '获得时间': None}, {'名称': 'CelDRAW', '获得时间': None}]",,,"[{'名称': '优秀班干', '获得时间': None}, {'名称': '第四届全国大学生广告艺术设计大赛平面广告摄影三等奖', '获得时间': '2011年'}, {'名称': '微观江大，聚焦精彩”微博评选大赛“十大美友”奖', '获得时间': None}]",,,中国.上海,,6
涂武盛,26,1998/12/12,市场专员,18000000000,hr@naisen.com涂武盛,"[{'学习时间': '2016.9-2019.7', '院校名称': '滨州职业学院', '学位': '无', '专业': '市场营销'}]","{'学位': '无', '授予院校': ''}","[{'公司名称': '蓝天集团', '职位': '运营', '工作时间': '2020.8-2022.7', '是否为实习经历': False}, {'公司名称': '天光科技集团', '职位': '市场部实习生', '工作时间': '2019.7-2020.7', '是否为实习经历': True}]",[],中共党员,[],[],,,,,2
王雅顺,28,1996/9/9,行政专员,1888888000,"service@500d,me","[{'学习时间': '2014.9-2017.7', '院校名称': '江苏建筑职业技术学院', '学位': '艺术设计（大专）'}, {'学习时间': '2017.7-2018.7', '院校名称': '广州奈森信息科技', '学位': 'UI设计'}, {'学习时间': '2018.7-2021.7', '院校名称': '中国移动南方基地', '学位': '和彩云产品策划'}, {'学习时间': '2021.7-2023.3', '院校名称': '深圳华为科技', '学位': '市场经理助理'}]","{'学位': '艺术设计（大专）', '授予院校': '江苏建筑职业技术学院'}","[{'公司名称': '深圳华为科技', '职位': '市场经理助理', '工作时间': '2021.7-2023.3', '是否为实习经历': False}, {'公司名称': '中国移动南方基地', '职位': '和彩云产品策划', '工作时间': '2018.7-2021.7', '是否为实习经历': False}, {'公司名称': '广州奈森信息科技', '职位': 'UI设计', '工作时间': '2017.7-2018.7', '是否为实习经历': False}]","[{'名称': '英语四六级', '获得时间': None}]",中共党员,"['熟练操作photoshop、Illustrator、CelDRAW等图形，图像设计软件', '熟悉网络推广，尤其是社会化媒体方面', '良好的英语听、说、读、写、译能力', '熟练操作计算机办公软件']","[{'名称': '优秀班干', '获得时间': None}, {'名称': '第四届全国大学生广艺术设计大赛平面作品类三等奖', '获得时间': '2016年'}, {'名称': '十大美友', '获得时间': None}]",,,,广东广州,6
唐欣仪,34,1990/8/12,市场专员,18888886666,Naisen.com,"[{'学习时间': '2008.9-2011.7', '院校名称': '河北工业职业技术学院', '学位': '大专', '专业': '语言三维动画设计'}]","{'学位': '大专', '授予院校': '河北工业职业技术学院'}","[{'公司名称': '深圳富唐科技', '职位': '市场经理助理', '工作时间': '2018.9-2022.7', '是否为实习经历': False}, {'公司名称': '深圳启才科技', '职位': '市场经理助理', '工作时间': '2013.9-2018.9', '是否为实习经历': False}, {'公司名称': '深圳荣海科技', '职位': '市场经理助理', '工作时间': '2011.9-2013.9', '是否为实习经历': False}]","[{'名称': '英语四六级', '获得时间': None}]",,"['观察力', '分析力', '沟通能力', '团队合作', '网络推广', '社交媒体', 'Photoshop', 'Word', 'Illustrator', 'Axure']","[{'名称': '优秀班干', '获得时间': None}, {'名称': '第四届全国大学生广告艺术设计大赛平面作品类三等奖', '获得时间': '2011年'}, {'名称': '校园文化节“微观江大，聚焦精彩”微博评选大赛十大美友奖', '获得时间': None}]",,,中国.上海,,11
陈政圣,32,1992.04.06,医护,18000008888,service@500d.me,"[{'学习时间': '2010-2013', '院校名称': '北京医学高等专科学校', '学位': '无', '专业': '临床医学'}]","{'学位': '无', '授予院校': '北京医学高等专科学校'}","[{'公司名称': '江西省人民医院', '职位': '修心脑血科医生', '工作时间': '2019.1-2023.4', '是否为实习经历': False}, {'公司名称': '南京大学附属第三医院', '职位': '门诊急诊科', '工作时间': '2015.1-2019.1', '是否为实习经历': False}, {'公司名称': '中山大学附属第三医院', '职位': '门诊急诊科', '工作时间': '2014.1-2015.1', '是否为实习经历': False}]","[{'名称': '英语四六级', '获得时间': '2012年度'}]",无,"['学过计算机应用基础、数据库原理、计算机网络与应用、VB软件工程', '运动']","[{'名称': '2012年度第十七期入党积极分子培训合格', '获得时间': '2012年度'}, {'名称': '2012年度一次性通过全国计算机二级考试', '获得时间': '2012年度'}, {'名称': '2011年度被南华医学院分团委健康365服务队评为“优秀队员”', '获得时间': '2011年度'}]",,,,上海市,10
李淑淑,28,1996.05,,188888000,service@500d.me,"[{'学习时间': '2014.07-2017.06', '院校名称': '福建船政交通职业学院', '学位': '大专', '专业': '市场营销'}]","{'学位': '大专', '授予院校': '福建船政交通职业学院'}","[{'公司名称': '广州京美信息科技有限公司', '职位': '市场营销（实习生）', '工作时间': '2017.07-2018.06', '是否为实习经历': True}, {'公司名称': '广州勤裕信息科技有限公司', '职位': '软件工程师', '工作时间': '2018.09-2023.03', '是否为实习经历': False}]","[{'名称': '普通话一级甲等', '获得时间': None}, {'名称': '大学英语四/六级（CET-4/6）', '获得时间': None}, {'名称': '全国计算机二级', '获得时间': None}]",中共党员,,,177,,,上海市,5
黄莉秋,24,,,,,"[{'学习时间': '2015 - 2018', '院校名称': '南京新港职业学校', '学位': '中专', '专业': '平面设计'}]","{'学位': '中专', '授予院校': '南京新港职业学校'}","[{'公司名称': '奈森设计顾问有限公司', '职位': '平面设计师', '工作时间': '2018.7 - 2019.7', '是否为实习经历': False}, {'公司名称': '奈森设计顾问有限公司', '职位': '平面设计师', '工作时间': '2019.7 - 2021.7', '是否为实习经历': False}, {'公司名称': '奈森设计顾问有限公司', '职位': '平面设计师', '工作时间': '2021.7 - 2023.1', '是否为实习经历': False}]","[{'名称': 'Adobe中国认证设计师', '获得时间': None}, {'名称': 'Adobe认证产品专家', '获得时间': None}, {'名称': '英语四六级证书', '获得时间': None}]",,"['MS Office', 'Photoshop', 'Illustrator', '英语', '日语', '粤语']",,,,上海,,5
林雅慧,25,,市场拓展/策划,13500135000,Service@500d.me,"[{'学习时间': '2015.9-2018.7', '院校名称': '广州市轻工职业学校', '学位': '中专', '专业': '市场营销'}]","{'学位': '中专', '授予院校': '广州市轻工职业学校'}","[{'公司名称': '龙友设计科技有限公司', '职位': '运营推广', '工作时间': '2021年10月-2023年3月', '是否为实习经历': False}, {'公司名称': '锋林设计科技有限公司', '职位': '运营推广', '工作时间': '2019年10月-2021年10月', '是否为实习经历': False}, {'公司名称': '鸿力设计科技有限公司', '职位': '运营推广', '工作时间': '2018年10月-2019年10月', '是否为实习经历': False}]","[{'名称': 'ADOBE PHOTOSHOP', '获得时间': None}, {'名称': 'MICROSOFT WORD', '获得时间': None}, {'名称': 'MICROSOFT POWERPOINT', '获得时间': None}]",,"['市场营销', '社会化媒体推广', '分析和吸取经验', '团队合作']","[{'名称': '国家奖学金', '获得时间': '2017.10'}, {'名称': '三好学生称号', '获得时间': '2017.11'}, {'名称': '创意营销大赛一等奖', '获得时间': '2016.12'}, {'名称': '挑战杯创业计划大赛铜奖', '获得时间': '2016.4'}]",,,,,5
陈育福,23,2001年10月19日,电子商务运营专员,+86 13800111000,office@microsoft.com,"[{'学习时间': '2016.09-2019.06', '院校名称': '北京市对外贸易学校', '学位': '中专', '专业': '市场营销'}]","{'学位': '中专', '授予院校': '北京市对外贸易学校'}","[{'公司名称': '杭州法哲贸易有限公司', '职位': '运营', '工作时间': '07.2021--2023.4', '是否为实习经历': False}, {'公司名称': '北京恩鼎贸易有限公司', '职位': '日月光华版编辑', '工作时间': '07.2019-07.2021', '是否为实习经历': False}, {'公司名称': '中国移动充值话费返还活动', '职位': '兼职', '工作时间': '07.2018', '是否为实习经历': True}]","[{'名称': '英语四六级', '获得时间': None}]",,"['沟通交流', '语言表达', '文笔写作', '网络营销', '自学能力']","[{'名称': '学院羽毛球比赛双打第三名', '获得时间': None}, {'名称': '淘宝罕见四钻买家', '获得时间': None}]",,,,,4
吴惠雯,26,,设计师,13912345678,xianxian@taobao.com,"[{'学习时间': '2013 - 2016', '院校名称': '北京市国际艺术学校', '学位': '中专', '专业': '设计'}]","{'学位': '中专', '授予院校': '北京市国际艺术学校'}","[{'公司名称': '同琛顾问有限公司', '职位': '平面设计师', '工作时间': '2016.7 - 2023.1', '是否为实习经历': False}, {'公司名称': '航永顾问有限公司', '职位': '实习', '工作时间': '2015 - 2016', '是否为实习经历': True}]","[{'名称': 'Adobe中国认证设计师', '获得时间': None}, {'名称': 'Adobe认证产品专家', '获得时间': None}, {'名称': '平面设计师资格证书', '获得时间': None}, {'名称': '英语四六级证书', '获得时间': None}]",,"['思维灵活', '大方稳重', '责任心强', '有较强团队精神', 'MS Office', 'Photoshop', 'Illustrator', '英语', '日语', '粤语']",,,,上海,,7
詹允坚,34,,,13912345678,xianxian@taobao.com,"[{'学习时间': '2011 - 2014', '院校名称': '北京金隅科技学校', '学位': '中专', '专业': '设计'}]","{'学位': '中专', '授予院校': '北京金隅科技学校'}","[{'公司名称': '秋诚顾问有限公司', '职位': '会计主管', '工作时间': '2018.7 - -2023.4', '是否为实习经历': False}, {'公司名称': '勤裕顾问有限公司', '职位': '会计师', '工作时间': '2014.7 - 2018.7', '是否为实习经历': False}]","[{'名称': 'Adobe中国认证设计师', '获得时间': None}, {'名称': 'Adobe认证产品专家', '获得时间': None}, {'名称': '平面设计师资格证书', '获得时间': None}, {'名称': '平面设计师资格证书', '获得时间': None}, {'名称': '英语四六级证书', '获得时间': None}]",,,,,,上海,,9
赖淑珍,27,,,13912345678,xianxian@taobao.com,"[{'学习时间': '2012 - 2015', '院校名称': '长沙职业技术学院', '学位': '中专', '专业': '平面设计'}]","{'学位': '中专', '授予院校': '长沙职业技术学院'}","[{'公司名称': '小型民营企业', '职位': '兼职行政文员', '工作时间': '2018.2-2018.12', '是否为实习经历': False}]",,,,,,,上海,长沙,1
李凯婷,31,,平面设计师,13912345678,13912@163.com,"[{'学习时间': '2012 - 2015', '院校名称': '北京某大设计学院', '学位': '中专', '专业': '设计'}]","{'学位': '中专', '授予院校': '北京某大设计学院'}","[{'公司名称': '朗赛室内设计有限公司', '职位': '平面设计师', '工作时间': '2021.10 -2023.4', '是否为实习经历': False}, {'公司名称': '宏森室内设计有限公司', '职位': '平面设计师', '工作时间': '2019.10 C 2021.10', '是否为实习经历': False}, {'公司名称': '西伦全屋定制有限公司', '职位': '平面设计师', '工作时间': '2017.10 C 2019.10', '是否为实习经历': False}, {'公司名称': '建龙全屋定制有限公司', '职位': '平面设计师', '工作时间': '2016.10 C 2017.10', '是否为实习经历': False}]","[{'名称': 'Adobe中国认证设计师', '获得时间': '2012年9月'}, {'名称': 'Adobe认证产品专家', '获得时间': '2013年1月'}, {'名称': '平面设计师资格证书', '获得时间': '2013年8月'}, {'名称': '平面设计师资格证书', '获得时间': '2014年9月'}, {'名称': '英语四六级证书', '获得时间': '2014年5月'}]",,[],[],,,上海,上海，浦东,7
林承辰,25,,电气工程师,135XXXXXXX,123456@.com,"[{'学习时间': '2013.9-2016.06', '院校名称': '济南新技术应用学校', '学位': '中专', '专业': '电气工程及其自动化'}]","{'学位': '中专', '授予院校': '济南新技术应用学校'}","[{'公司名称': '国家电网泰安石横发电厂', '职位': '电气工程师', '工作时间': '2018.8-2022.9', '是否为实习经历': False}, {'公司名称': '济南市市中区', '职位': '电气工程师助理', '工作时间': '2016.8-2018.8', '是否为实习经历': False}]","[{'名称': '大学英语四/六级（CET-4/6）', '获得时间': None}, {'名称': '计算机二级（C语言）', '获得时间': None}]",,"['熟练运用AUTOCAD、MATLAB、UG、office等相关软件', '优秀的听说读写能力, 快速浏览英语专业文件及书籍', '熟悉计算机各种操作']","[{'名称': '优秀团员', '获得时间': '2013-2014'}, {'名称': '艺术活动优秀奖', '获得时间': '2013-2014'}, {'名称': '优秀学Th干部', '获得时间': '2014-2015'}, {'名称': '学Th会优秀干部荣誉称号', '获得时间': '2014-2015'}]",,,,上海,7
刘亭宝,30,,,13999999999,1234567@123.com,"[{'学习时间': '2014 - 2017', '院校名称': '济南传媒学校', '学位': '中专', '专业': '设计'}]","{'学位': '中专', '授予院校': '济南传媒学校'}","[{'公司名称': '顺仁设计服务有限公司', '职位': '设计', '工作时间': '2019.10 - -2023.4', '是否为实习经历': False}, {'公司名称': '乐伊设计服务有限公司', '职位': '设计', '工作时间': '2018.10 - 2019.10', '是否为实习经历': False}, {'公司名称': '汉艺设计服务有限公司', '职位': '设计', '工作时间': '2017.10 - 2018.10', '是否为实习经历': False}]","[{'名称': 'Adobe中国认证设计师', '获得时间': '2018.10'}, {'名称': 'Adobe认证产品专家', '获得时间': '2018.10'}, {'名称': '平面设计师资格证书', '获得时间': None}, {'名称': '国际商业美术设计师', '获得时间': None}, {'名称': '英语六级证书', '获得时间': '2018.10'}]",,"['Microsoft Word', 'Microsoft PowerPoint', 'Photoshop']",,,,山东,,6
宋慧元,29,,简历设计师,13912345678,Yourname@163.com,"[{'学习时间': '2010.9 C 2013.6', '院校名称': '章丘中等职业学校', '学位': '中专', '专业': '设计'}]","{'学位': '中专', '授予院校': '章丘中等职业学校'}","[{'公司名称': '西光设计服务有限公司', '职位': '平面设计师', '工作时间': '2019.7 C 2021.7', '是否为实习经历': False}, {'公司名称': '圣荣设计服务有限公司', '职位': '平面设计师', '工作时间': '2014.7 C 2019.7', '是否为实习经历': False}, {'公司名称': '恩鼎设计服务有限公司', '职位': '平面设计师', '工作时间': '2013.7 C 2014.7', '是否为实习经历': False}]","[{'名称': 'Ms Office办公软件', '获得时间': None}, {'名称': 'Adobe中国认证设计师', '获得时间': None}, {'名称': 'Photoshop软件', '获得时间': None}, {'名称': 'Adobe认证产品专家', '获得时间': None}, {'名称': '平面设计师资格证书', '获得时间': None}, {'名称': '英语四六级证书', '获得时间': None}, {'名称': '某某专业软件', '获得时间': None}]",,[],[],,,山东,,9
赖俊军,26,1998.05.08,市场销售相关工作岗位,15888888888,123456@qq.com,"[{'学习时间': '2016.9-2020.6', '院校名称': '上海交通大学', '学位': '本科', '专业': '市场管理'}]","{'学位': '本科', '授予院校': '上海交通大学'}","[{'公司名称': '京美科技技术有限公司', '职位': '销售', '工作时间': '2020.6-2021.6', '是否为实习经历': False}, {'公司名称': '明泽科技技术有限公司', '职位': '市场部经理', '工作时间': '2021.6--2023.4', '是否为实习经历': False}]","[{'名称': '英语CET6', '获得时间': None}, {'名称': '日语', '获得时间': None}, {'名称': '韩语', '获得时间': None}, {'名称': '熟悉Web、iOS和Androind开发', '获得时间': None}, {'名称': '精通数据库', '获得时间': None}, {'名称': 'C++及Java', '获得时间': None}, {'名称': '熟练使用Office办公软件、Axure RP、Visio', '获得时间': None}]",,,,180,,,上海宝山,3
荆彦璋,29,,财务相关,13800138080,224438898qq.com,"[{'学习时间': '2013.9-2017.7', '院校名称': '中国石油大学', '学位': '本科', '专业': '会计学'}]","{'学位': '本科', '授予院校': '中国石油大学'}","[{'公司名称': '山东飞扬科技有限公司', '职位': '会计', '工作时间': '2014.8-2015.4', '是否为实习经历': False}, {'公司名称': '广州电子科技有限公司', '职位': '会计（实习）', '工作时间': '2016.6-2017.3', '是否为实习经历': True}]","[{'名称': '会计上岗证', '获得时间': None}, {'名称': '证券从业资格证', '获得时间': None}, {'名称': '英语TEM-4', '获得时间': None}, {'名称': '计算机二级', '获得时间': None}]",,,"[{'名称': '2014年度三等奖学金', '获得时间': None}, {'名称': '2014年度校级优秀团员', '获得时间': None}, {'名称': '2015年度三等奖学金', '获得时间': None}, {'名称': '2015年度校级优秀团员', '获得时间': None}]",,,山东省日照市,,1
白怡均,34,1990年12月,,1380000020,4564646@qq.com,"[{'学习时间': '2008.09-2012.06', '院校名称': '中国海洋大学', '学位': '本科', '专业': '计算机'}]","{'学位': '本科', '授予院校': '中国海洋大学'}","[{'公司名称': '君兆设计管理有限公司', '职位': '互联网软件开发工程师', '工作时间': '2012.07--2023.4', '是否为实习经历': False}, {'公司名称': '洋环设计管理有限公司', '职位': '网络部实习', '工作时间': '2011.03-2012.06', '是否为实习经历': True}]",,,"['PHOTOSHOP', 'WORD', 'HTML/CSS']","[{'名称': '优秀班干', '获得时间': None}, {'名称': '第四届全国大学生广告艺术设计大赛山东赛区平面作品类三等奖', '获得时间': '2011年'}, {'名称': '微观海大，聚焦精彩”微博评选大赛中获“十大美友”奖', '获得时间': None}]",,,,山东省日照市,11
林姿辛,28,1996.05,市场专员,13500135000,linzixing@163.com,"[{'学习时间': '2014.07-2018.06', '院校名称': '上海复旦大学', '学位': '本科', '专业': '市场营销'}]","{'学位': '本科', '授予院校': '上海复旦大学'}","[{'公司名称': '朋乐设计科技有限公司', '职位': '市场营销（实习生）', '工作时间': '2018.04-2019.03', '是否为实习经历': True}, {'公司名称': '森广设计科技有限公司', '职位': '软件工程师', '工作时间': '2019.03-2023.4', '是否为实习经历': False}]","[{'名称': '普通话一级甲等', '获得时间': None}, {'名称': '大学英语四/六级（CET-4/6）', '获得时间': None}, {'名称': '全国计算机二级', '获得时间': None}]",中共党员,[],[],177,,,广东省广州市海珠区滨江东路,5
连书忠,32,,国际贸易,13700008888,service@500d.me,"[{'学习时间': '2012-2015', '院校名称': '中山大学', '学位': '硕士', '专业': '国际贸易'}, {'学习时间': '2008-2012', '院校名称': '中山大学', '学位': '本科', '专业': '国际贸易'}]","{'学位': '硕士', '授予院校': '中山大学'}","[{'公司名称': '广州科信系统有限公司（德资）', '职位': '客服专员', '工作时间': '2015.9-2018.9', '是否为实习经历': False}, {'公司名称': '广东翰航船舶管理(上海)有限公司', '职位': '物流仓储主管', '工作时间': '2018.9-2023.1', '是否为实习经历': False}]","[{'名称': '国家注册人力资源管理师（二级）', '获得时间': None}, {'名称': 'ISM-国际安全管理规则（船级社）', '获得时间': None}, {'名称': '保险代理人资格证书', '获得时间': None}, {'名称': '大学英语六级', '获得时间': None}, {'名称': '全国计算机等级一级', '获得时间': None}, {'名称': '国际商务单证员专业证书', '获得时间': None}]",,"['Photoshop', 'Word', '普通话', '粤语', '英语']","[{'名称': '研究生三等奖学金', '获得时间': None}]",,,,广东省上海市海珠区滨江东路880号金海湾A座1980室,8
余仪礼,34,,市场专员,18880013500,naisen.com,"[{'学习时间': '2008.09-2012.07', '院校名称': '华南理工', '学位': '本科', '专业': '市场营销'}]","{'学位': '本科', '授予院校': '华南理工'}","[{'公司名称': '卓望信息科技有限公司', '职位': '营运推广主管', '工作时间': '2013.08 -2023.4', '是否为实习经历': False}, {'公司名称': '广州灵心沙文化活动有限公司', '职位': '市场推广专员', '工作时间': '2012.08-2013.08', '是否为实习经历': False}]","[{'名称': 'CET-6', '获得时间': None}, {'名称': '计算机二级', '获得时间': None}, {'名称': '高级营销员', '获得时间': None}]",,,,,,广东省广州市,广东省广州市,11
袁哲仪,31,,市场拓展/策划专员,13700008888,500d@139.com袁哲仪,"[{'学习时间': '2011.9-2015.7', '院校名称': '南开大学', '学位': '本科', '专业': '市场营销'}]","{'学位': '本科', '授予院校': '南开大学'}","[{'公司名称': '智云信息科技有限公司', '职位': '运营推广', '工作时间': '2015年9月-2017年9月', '是否为实习经历': False}, {'公司名称': '杰艺信息科技有限公司', '职位': '运营推广', '工作时间': '2017年9月-2020年9月', '是否为实习经历': False}, {'公司名称': '东宇信息科技有限公司', '职位': '运营推广', '工作时间': '2020年9月-2023年2月', '是否为实习经历': False}]","[{'名称': 'CET-6', '获得时间': None}, {'名称': '计算机二级', '获得时间': None}, {'名称': '高级营销员', '获得时间': None}]",,"['篮球', '登山', '手工', '电影', '音乐', '足球', '演讲', '写作', '策划', '摄影']","[{'名称': '国家奖学金', '获得时间': '2013.10'}, {'名称': '三好学生称号', '获得时间': '2013.11'}, {'名称': '创意营销大赛一等奖', '获得时间': '2012.12'}, {'名称': '挑战杯创业计划大赛铜奖', '获得时间': '2012.4'}]",,,,,8
叶怡财,30,1994/2/12,市场专员 产品经理,18800145000,224434568@qq.com个人介绍,"[{'学习时间': '2016.09-2019.07', '院校名称': '天津大学', '学位': '硕士', '专业': '国际贸易'}, {'学习时间': '2012.09-2016.07', '院校名称': '天津大学', '学位': '本科', '专业': '市场营销'}]","{'学位': '硕士', '授予院校': '天津大学'}","[{'公司名称': '瑞杭信息科技有限公司', '职位': '市场专员 产品经理', '工作时间': '2022.09-2023.4', '是否为实习经历': False}, {'公司名称': '力君信息科技有限公司', '职位': '软件工程师', '工作时间': '2021.09-2022.09', '是否为实习经历': False}, {'公司名称': '衡鼎信息科技有限公司', '职位': '产品经理', '工作时间': '2019.09-2021.09', '是否为实习经历': False}]","[{'名称': '英语四六级', '获得时间': 'None'}]",中共党员,[],"[{'名称': '国家奖学金', '获得时间': '2016.10'}, {'名称': '三好学生称号', '获得时间': '2015.11'}, {'名称': '华南大学生创意营销大赛一等奖', '获得时间': '2014.12'}, {'名称': '挑战杯创业计划大赛省级铜奖', '获得时间': '2014.4'}]",,,,广东佛山,4
冯雅筑,34,,市场专员,18888888888,nesson.com,"[{'学习时间': '2008.9-2012.7', '院校名称': '郑州大学', '学位': '本科', '专业': '市场营销'}]","{'学位': '本科', '授予院校': '郑州大学'}","[{'公司名称': '朗赛活动有限公司', '职位': '市场推广专员', '工作时间': '2012.8-2019.8', '是否为实习经历': False}, {'公司名称': '奇宏信息科技有限公司', '职位': '运营推广主管', '工作时间': '2019.8-2023.4', '是否为实习经历': False}]","[{'名称': 'CET-6', '获得时间': None}, {'名称': '计算机二级', '获得时间': None}, {'名称': '高级营销员', '获得时间': None}]",,,"[{'名称': '国家奖学金', '获得时间': '2009.10'}, {'名称': '三好学生称号', '获得时间': '2010.11'}, {'名称': '河南大学生创意营销大赛一等奖', '获得时间': '2010.12'}, {'名称': '挑战杯创业计划大赛省级铜奖', '获得时间': '2011.4'}]",,,,上海市,11
吴惠美,30,,,13912345678,you@hotmail.com,"[{'学习时间': '2012.9-2016.7', '院校名称': '北京邮电大学', '学位': '本科', '专业': '设计'}, {'学习时间': '2016.9-2019.7', '院校名称': '北京邮电大学', '学位': '硕士', '专业': '设计'}]","{'学位': '硕士', '授予院校': '北京邮电大学'}","[{'公司名称': '奈森设计服务有限公司', '职位': '平面设计师', '工作时间': '2021.9-2023.3', '是否为实习经历': False}, {'公司名称': '奈森设计有限公司', '职位': '平面设计师', '工作时间': '2020.9-2021.9', '是否为实习经历': False}, {'公司名称': '北京奈森设计服务有限公司', '职位': '平面设计师', '工作时间': '2019.9-2020.9', '是否为实习经历': False}]","[{'名称': 'Adobe中国认证设计师', '获得时间': '2009'}, {'名称': 'Adobe认证产品专家', '获得时间': '2009'}, {'名称': '平面设计师资格证书', '获得时间': '2009'}, {'名称': '国际商业美术设计师', '获得时间': '2009'}]",,"['Photoshop', 'Illustrator', 'Indesign', 'Html', 'css', 'Word', 'Exel']",,,,山东,,4
何佳慧,28,1996.05,软件工程师,1888888000,naisen.com,"[{'学习时间': '2015.07-2019.06', '院校名称': '中国人民大学', '学位': '本科', '专业': '市场营销'}]","{'学位': '本科', '授予院校': '中国人民大学'}","[{'公司名称': '震程信息科技有限公司', '职位': '市场营销（实习）', '工作时间': '2019.07-2020.3', '是否为实习经历': True}, {'公司名称': '世远信息科技有限公司', '职位': '软件工程师', '工作时间': '2020.03--2023.4', '是否为实习经历': False}]","[{'名称': '普通话一级甲等', '获得时间': None}, {'名称': '大学英语四/六级（CET-4/6）', '获得时间': None}, {'名称': '全国计算机二级', '获得时间': None}]",中共党员,[],[],177,135,,上海市,4
李伦圣,26,,艺术设计,12345XXXXXX,12345@docer.com自荐信,"[{'学习时间': '2017-2021', '院校名称': '厦门大学', '学位': '本科', '专业': '艺术设计'}]","{'学位': '本科', '授予院校': '厦门大学'}","[{'公司名称': '林利全屋定制', '职位': '设计总监', '工作时间': '2022.7-2023.4', '是否为实习经历': False}, {'公司名称': '力恒', '职位': '艺术总监', '工作时间': '2021.7-2022.7', '是否为实习经历': False}]",,,,,,,,,2
彭正仁,25,1999.1,产品开发,1111111111,1234567@qq.com基本资料,"[{'学习时间': '2017.09-2021.06', '院校名称': '华中科技大学', '学位': '本科', '专业': '管理与信息系统'}]","{'学位': '本科', '授予院校': '华中科技大学'}","[{'公司名称': '广州俊松信息科技公司', '职位': '互联网运营', '工作时间': '2022.7--2023.4', '是否为实习经历': False}, {'公司名称': '广州天亿信息科技公司', '职位': '互联网运营', '工作时间': '2021.7-2022.7', '是否为实习经历': False}]","[{'名称': '全国大学生英语四六级考试', '获得时间': None}, {'名称': '全国大学生计算机程序设计比赛湖北赛区一等奖', '获得时间': None}, {'名称': '湖北校园十大歌手第一名', '获得时间': None}, {'名称': '全国大学生科学知识竞赛比赛湖北赛区一等奖', '获得时间': None}]",党员,,,180,,广东省韶关市,广东省广州市天河,2
刘小紫,30,,会计,123123000000.0,123123@qq.com电话,"[{'学习时间': '2012.09―2016.6', '院校名称': '东南大学', '学位': '本科', '专业': '经济管理'}]","{'学位': '本科', '授予院校': '东南大学'}","[{'公司名称': '可口可乐瑞安公司', '职位': '部门经理', '工作时间': '2016.08-2022.06', '是否为实习经历': False}, {'公司名称': '东南大学院校联络部', '职位': '副部长', '工作时间': '2015.08-2016.08', '是否为实习经历': False}]",,,,"[{'名称': '国家奖学金', '获得时间': '2012年'}, {'名称': '三好学生', '获得时间': '2012年'}, {'名称': '营销大赛一等奖', '获得时间': '2011年'}, {'名称': '创业杯大赛团体赛铜奖', '获得时间': '2012年'}, {'名称': '学院优秀班干部', '获得时间': '2014年'}]",,,,,7
温燕达,27,1997.05,产品经理岗位,13988888888,naisen@qq.com个人简历,"[{'学习时间': '2015.07-2019.06', '院校名称': '苏州大学', '学位': '本科', '专业': '市场营销'}]","{'学位': '本科', '授予院校': '苏州大学'}","[{'公司名称': '江苏源力信息科技有限公司', '职位': '市场营销（实习生）', '工作时间': '2019.04-2020.04', '是否为实习经历': True}, {'公司名称': '江苏旭宇信息科技有限公司', '职位': '软件工程师', '工作时间': '2020.04-2023.1', '是否为实习经历': False}]","[{'名称': '普通话一级甲等', '获得时间': None}, {'名称': '大学英语四/六级（CET-4/6）', '获得时间': None}, {'名称': '全国计算机二级', '获得时间': None}]",中共党员,[],[],167,,,浙江省杭州市滨江区,3
刘佳雨,30,,产品设计,88888888888,1881806666666688@163.com,"[{'学习时间': '2011.9-2014.6', '院校名称': '陕西工业职业技术学院', '学位': '无', '专业': '工商管理'}]","{'学位': '无', '授予院校': None}","[{'公司名称': '世程文化发展有限公司', '职位': '市场助理', '工作时间': '2017.7-2022.9', '是否为实习经历': False}, {'公司名称': '利亚科技业务部客服中心', '职位': '客服组长', '工作时间': '2014.7-2017.7', '是否为实习经历': False}]",,,,"[{'名称': '国家奖学金', '获得时间': '2003.10'}, {'名称': '三好学生称号', '获得时间': '2013.11'}, {'名称': '华南大学生创意营销大赛一等奖', '获得时间': '2012.12'}, {'名称': '挑战杯创业计划大赛省级铜奖', '获得时间': '2012.04'}]",,,,,9
林怡紫,26,,销售助理,137398000000.0,healthyyang@yeah.net,"[{'学习时间': '2016.9-2020.9', '院校名称': '河北工程大学', '学位': '本科', '专业': '市场营销'}, {'学习时间': '2020.9-2023.7', '院校名称': '中国人民大学', '学位': '硕士', '专业': '市场营销'}]","{'学位': '硕士', '授予院校': '中国人民大学'}","[{'公司名称': '交通银行', '职位': '客户经理', '工作时间': '2018.10-2019.3', '是否为实习经历': True}, {'公司名称': '盛发商务公司', '职位': '市场营销师', '工作时间': '2019.9-2020.3', '是否为实习经历': True}, {'公司名称': '高迪食品公司', '职位': '推销员', '工作时间': '2022.7-2022.11', '是否为实习经历': True}]","[{'名称': '英语四六级', '获得时间': None}]",,[],[],,,河北石家庄,,1
吴婷婷,29,1995.1,平面设计师,12301230123,youremail@gmail.com,"[{'学习时间': '2013 - 2017', '院校名称': '中央财经大学', '学位': '本科', '专业': '国际商业美术设计师'}, {'学习时间': '2017 - 2020', '院校名称': '中央财经大学', '学位': '硕士', '专业': '设计'}]","{'学位': '硕士', '授予院校': '中央财经大学'}","[{'公司名称': '上海润京设计有限公司', '职位': '平面设计师', '工作时间': '2022.10 -2023.4', '是否为实习经历': False}, {'公司名称': '上海利虹设计有限公司', '职位': '平面设计师', '工作时间': '2021.10 - 2022.10', '是否为实习经历': False}, {'公司名称': '上海辉佳设计有限公司', '职位': '平面设计师', '工作时间': '2020.10 - 2021.10', '是否为实习经历': False}, {'公司名称': '北京文若设计有限公司', '职位': '平面设计师', '工作时间': '2019.3 - 2020.3', '是否为实习经历': True}]","[{'名称': 'Adobe中国认证设计师', '获得时间': None}, {'名称': 'Adobe认证产品专家', '获得时间': None}, {'名称': '平面设计师资格证书', '获得时间': None}, {'名称': '英语六级证书', '获得时间': None}]",,"['Photoshop', 'Illustrator', 'Dreamweaver', 'AfterEffects']","[{'名称': '执行力奖项', '获得时间': '2009'}, {'名称': '领导能力奖项', '获得时间': '2009'}, {'名称': '策划能力奖项', '获得时间': '2009'}, {'名称': '团队合作奖项', '获得时间': '2009'}, {'名称': '演讲能力奖项', '获得时间': None}, {'名称': '创新能力奖项', '获得时间': None}]",,,,上海,3
杨怡君,27,,设计师,13912345678,xianxian@taobao.com,"[{'学习时间': '2015 - 2019', '院校名称': '北京清华大学', '学位': '本科', '专业': '设计'}]","{'学位': '本科', '授予院校': '北京清华大学'}","[{'公司名称': '美铭华利顾问有限公司', '职位': '艺术总监', '工作时间': '2021.8 -2023.4', '是否为实习经历': False}, {'公司名称': '齐禾智明顾问有限公司', '职位': '平面设计师', '工作时间': '2019.8 C 2021.8', '是否为实习经历': False}]","[{'名称': 'Adobe中国认证设计师', '获得时间': None}, {'名称': 'Adobe认证产品专家', '获得时间': None}, {'名称': '平面设计师资格证书', '获得时间': None}, {'名称': '英语四六级证书', '获得时间': None}]",,"['思维灵活', '大方稳重', '责任心强', '有较强团队精神', 'MS Office', 'Photoshop', 'Illustrator', '英语', '日语', '粤语']",,,,上海,,4
黄康刚,29,,设计师,17345678900,12345@123.com,"[{'学习时间': '2011年 - 2015年', '院校名称': '北京科技大学', '学位': '本科', '专业': '设计专业'}]","{'学位': '本科', '授予院校': '北京科技大学'}","[{'公司名称': '灿扬顾问有限公司', '职位': '总监', '工作时间': '2020.8 -2023.4', '是否为实习经历': False}]","[{'名称': 'Adobe认证设计师', '获得时间': None}, {'名称': 'Adobe认证产品专家', '获得时间': None}, {'名称': '平面设计师资格证书', '获得时间': None}, {'名称': 'Adobe认证产品专家', '获得时间': None}]",,,,,,,上海，浦东,3
林辰,25,,设计师,13910345678,yourname@163.cm,"[{'学习时间': '2017 - 2021', '院校名称': '西安电子科技大学', '学位': '本科', '专业': '英语'}]","{'学位': '本科', '授予院校': '西安电子科技大学'}","[{'公司名称': '荣众设计公司', '职位': '实习', '工作时间': '2019年4月-6月', '是否为实习经历': True}, {'公司名称': '艺格翻译公司', '职位': '兼职翻译', '工作时间': '2020年4月-6月', '是否为实习经历': True}, {'公司名称': '格正百货公司', '职位': '宣传员', '工作时间': '2021年4月-6月', '是否为实习经历': True}]","[{'名称': '某专业证书', '获得时间': None}, {'名称': '熟练掌握某专业软件', '获得时间': None}, {'名称': '某专业证书', '获得时间': None}, {'名称': '熟练掌握某专业软件', '获得时间': None}, {'名称': '某专业证书', '获得时间': None}, {'名称': '熟练掌握某专业软件', '获得时间': None}, {'名称': '某专业证书', '获得时间': None}, {'名称': '熟练掌握某专业软件', '获得时间': None}]",,,,,,上海,浦东,1
沈慧美,30,,设计师,13912220080,myemail@163.com,"[{'学习时间': '2012-2016', '院校名称': '上海海洋大学', '学位': '本科', '专业': '设计专业'}]","{'学位': '本科', '授予院校': '上海海洋大学'}","[{'公司名称': '世鑫设计公司', '职位': '设计师', '工作时间': '2019年8月-2022年7月', '是否为实习经历': False}, {'公司名称': '慧瀚翻译公司', '职位': '翻译', '工作时间': '2017年8月-2019年8月', '是否为实习经历': False}, {'公司名称': '旭才百货公司', '职位': '产品宣传', '工作时间': '2016年8月-2017年8月', '是否为实习经历': False}]",,中共党员,,"[{'名称': '2016年国家励志一等奖学金', '获得时间': None}, {'名称': '2015年电子科技大学挑战主持人大赛第一名', '获得时间': None}, {'名称': '2015年全国大学生数学建模大赛国家二等奖', '获得时间': None}, {'名称': '2014年领导英语俱乐部获得“某年度十佳社团”荣誉称号', '获得时间': None}, {'名称': '2014年电子科技大学第九届数学建模大赛一等奖', '获得时间': None}]",,,上海,上海，浦东,6
吴佩霖,25,1999.8,检验相关,13912340000,yourname@163.com,"[{'学习时间': '2018.9-2022.6', '院校名称': '湖南中医药大学', '学位': '本科', '专业': '医学检验'}]","{'学位': '本科', '授予院校': '湖南中医药大学'}","[{'公司名称': '上海格奥医疗产业研究院', '职位': '实习生', '工作时间': '2022.3-至今', '是否为实习经历': True}]","[{'名称': '某某证书', '获得时间': None}]",中共党员,"['PHOTOSHOP', 'PPT制作', 'HTML', 'CSS', 'JAVA SCRIPT']",,,,湖南,,1
张伟杰,26,1998.03.29,理财分析师、理财培训讲师,15031019999,125456@qq.com,"[{'学习时间': '2016.09-2020.06', '院校名称': '北京语言大学', '学位': '硕士', '专业': '文化产业管理'}]","{'学位': '硕士', '授予院校': '北京语言大学'}","[{'公司名称': '北京晚报', '职位': '记者', '工作时间': '2020.7--2023.4', '是否为实习经历': False}, {'公司名称': '杭州实习', '职位': 'None', '工作时间': '2019.6-2020.3', '是否为实习经历': True}]","[{'名称': '英语CET6', '获得时间': 'None'}, {'名称': '德语', '获得时间': 'None'}]",,"['WORD', 'PPT', 'EXCEL', 'JPS', 'AI']","[{'名称': '北京语言大学创业大赛/金奖/2019', '获得时间': 'None'}, {'名称': '研究生第一学年特等奖学金', '获得时间': '2018'}, {'名称': '研究生毕业论文开题答辩优秀报告人', '获得时间': '2018'}, {'名称': '中文核心期刊发表2篇', '获得时间': '2018'}, {'名称': '校学生会宣传部/部长/2018', '获得时间': 'None'}]",,,河北邯郸,北京,3
刘友淳,32,1992.03,教师,13800003890,22448900@qq.com,"[{'学习时间': '2010.09-2014.06', '院校名称': '首都师范大学', '学位': '本科', '专业': '英语'}]","{'学位': '本科', '授予院校': '首都师范大学'}","[{'公司名称': '奈森设计师范分校', '职位': '英语教师', '工作时间': '2014.06-2015.06', '是否为实习经历': False}]","[{'名称': '初级中学英语教师资格证', '获得时间': None}, {'名称': '国家英语四级证书', '获得时间': None}, {'名称': '国家普通话二级乙等证书', '获得时间': None}, {'名称': '全国计算机一级等级证书', '获得时间': None}]",,,,,,北京,朝阳区,2
杜怡,30,1994.09.23,会计师,18010001000,officeplus@microsoft.com,"[{'学习时间': '2011.09-2015.07', '院校名称': '北京城市学院', '学位': '经济学本科', '专业': '税务专业'}]","{'学位': '经济学本科', '授予院校': '北京城市学院'}","[{'公司名称': '奥润财务公司', '职位': '会计', '工作时间': '2020.08 -2023.4', '是否为实习经历': False}, {'公司名称': '卓越会计师事务北京分所', '职位': '审计', '工作时间': '2015.08-2019.08', '是否为实习经历': False}]","[{'名称': '注册会计师证CPA', '获得时间': None}, {'名称': '英语CET6', '获得时间': None}, {'名称': '国家计算机二级（数据库）', '获得时间': None}]",,,"[{'名称': '北京市优秀毕业生', '获得时间': None}, {'名称': '北京市三好学生', '获得时间': None}, {'名称': '2014年国家奖学金', '获得时间': None}]",,,北京,北京市海淀区中关村东路1号清华科技园D座15层(100084),7
潘孝东,23,2001.12.18,编辑,13899999999,xiaohen@189.com,"[{'学习时间': '2019.09-2023.07', '院校名称': '中央戏曲学院', '学位': '本科', '专业': '广播电视编导'}]","{'学位': '本科', '授予院校': '中央戏曲学院'}","[{'公司名称': '百度', '职位': '编辑', '工作时间': '2021.09~2022.06', '是否为实习经历': True}]","[{'名称': '全国计算机二级证书', '获得时间': None}, {'名称': '普通话二级甲等证书', '获得时间': None}]",,"['Word熟练', 'Excel熟悉', 'PPT熟悉']","[{'名称': '优秀一等奖学金', '获得时间': None}, {'名称': '二等奖学金', '获得时间': None}, {'名称': '三等奖学金', '获得时间': None}, {'名称': '2023年度优秀团员', '获得时间': None}, {'名称': '2021~2022年度创新创业奖', '获得时间': None}]",,,,,1
周志合,27,,产品经理/项目经理/运营经理,13500100000000.0,service@163.com,"[{'学习时间': '2015-2019', '院校名称': '深圳大学', '学位': '本科', '专业': '计算机科学与技术'}]","{'学位': '本科', '授予院校': '深圳大学'}","[{'公司名称': '石市通科技有限公司', '职位': '产品经理', '工作时间': '-2023.4', '是否为实习经历': False}, {'公司名称': '宝康人力资源有限公司', '职位': '软件工程师', '工作时间': '2019.6-2021.6', '是否为实习经历': False}]",,,,,,,,广东省广州市,-1
刘力霞,28,1996.06.22,,18010001000,officeplus@microsoft.com,"[{'学习时间': '2018.9-2021.6', '院校名称': '首都经济贸易大学', '学位': '硕士', '专业': '软件工程交互艺术'}, {'学习时间': '2014.18-2018.6', '院校名称': '首都经济贸易大学', '学位': '本科', '专业': '软件工程'}]","{'学位': '硕士', '授予院校': '首都经济贸易大学'}","[{'公司名称': '微软在线Office PLUS项目组', '职位': '产品经理', '工作时间': '2022.7-2023.4', '是否为实习经历': False}, {'公司名称': 'Microsoft Office PLUS项目组', '职位': '产品运营', '工作时间': '2021.7-2022.7', '是否为实习经历': False}]","[{'名称': '英语CET6', '获得时间': None}, {'名称': '国家计算机三级（数据库）', '获得时间': None}]",,"['AXURE', 'CSS3', 'UML', 'SQL', 'PHOTOSHOP', 'ILLUSTRATOR', 'Microsoft Office', 'PLUS']",,,,北京,,2
林钰婷,28,Feb-93,,13800138000,zxj2015@gmail.com,"[{'学习时间': '2012-2016', '院校名称': '北京师范大学', '学位': '本科', '专业': '汉语言文学'}]","{'学位': '本科', '授予院校': '北京师范大学'}","[{'公司名称': '时光印象', '职位': '推广组实习生', '工作时间': '2015.04-2016.06', '是否为实习经历': True}, {'公司名称': '北京海淀宣传科', '职位': '实习生', '工作时间': '2014.04-2014.09', '是否为实习经历': True}, {'公司名称': '风飞雨工作室', '职位': '产品运营负责人', '工作时间': '2016.07--2023.4', '是否为实习经历': False}]","[{'名称': 'photoshop', '获得时间': '无'}, {'名称': 'ppt', '获得时间': '2012-2015学年'}]",,"['团队', '创新', '协作', '沟通', '组织']","[{'名称': '奖学金', '获得时间': '2015.09'}, {'名称': '连续3个学年获国家校企面对面广告策划移动杯校园营销大赛一等奖学金'}, {'名称': '比赛公益类作品最佳团体第一名创意奖'}]",,,,,7
done in 3355.34,,,,,,,,,,,,,,,,,0
